Code,Group,Sub group,Section,Object,Title
SL_20,20,,,,"Administrative, commercial and protective service spaces"
SL_20_10,20,10,,,Legislative spaces
SL_20_10_47,20,10,47,,Legislative chambers
SL_20_10_49,20,10,49,,Legislative chamber viewing galleries
SL_20_15,20,15,,,Administrative spaces
SL_20_15_27,20,15,27,,Enclosed offices
SL_20_15_50,20,15,50,,Meeting rooms
SL_20_15_59,20,15,59,,Offices
SL_20_15_61,20,15,61,,Open-plan offices
SL_20_15_71,20,15,71,,Reception areas
SL_20_45,20,45,,,Motor vehicle maintenance and fuelling spaces
SL_20_45_27,20,45,27,,Electric motor vehicle charging points
SL_20_45_29,20,45,29,,Fuel filling station air and water points
SL_20_45_30,20,45,30,,Fuel filling station forecourts
SL_20_45_31,20,45,31,,Fuel filling station tanks areas
SL_20_45_53,20,45,53,,Motor vehicle maintenance areas
SL_20_45_95,20,45,95,,Vehicle inspection pits
SL_20_45_96,20,45,96,,Vehicle servicing areas
SL_20_50,20,50,,,Commercial spaces
SL_20_50_03,20,50,03,,Ambient wholesale spaces
SL_20_50_05,20,50,05,,Auction rooms
SL_20_50_10,20,50,10,,Beauty salons
SL_20_50_12,20,50,12,,Checkout points
SL_20_50_22,20,50,22,,Department store shop floors
SL_20_50_29,20,50,29,,Financial and professional services outlets
SL_20_50_30,20,50,30,,Fitting rooms
SL_20_50_32,20,50,32,,Food and drink outlets
SL_20_50_36,20,50,36,,Hair and beauty salons
SL_20_50_37,20,50,37,,Hair salons
SL_20_50_47,20,50,47,,Livestock auction rooms
SL_20_50_51,20,50,51,,Market stalls
SL_20_50_55,20,50,55,,Motor vehicle showrooms
SL_20_50_70,20,50,70,,Refrigerated wholesale spaces
SL_20_50_72,20,50,72,,Retail kiosks
SL_20_50_85,20,50,85,,Supermarket shop floors
SL_20_50_86,20,50,86,,Tan spray booths
SL_20_50_87,20,50,87,,Tattoo and piercing parlours
SL_20_50_96,20,50,96,,Waste and scrap yards
SL_20_55,20,55,,,Postal communications spaces
SL_20_55_45,20,55,45,,Letter sorting offices
SL_20_55_50,20,55,50,,Mail order sorting and despatch facilities
SL_20_55_60,20,55,60,,Parcel sorting offices
SL_20_55_65,20,55,65,,Post rooms
SL_20_60,20,60,,,Military protective spaces
SL_20_60_08,20,60,08,,Bombardment shelters
SL_20_60_27,20,60,27,,Emergency shelters
SL_20_60_70,20,60,70,,Radiation protection shelters
SL_20_60_98,20,60,98,,War emergency centres
SL_20_62,20,62,,,Parade spaces
SL_20_62_65,20,62,65,,Parade grounds
SL_20_65,20,65,,,Law enforcement spaces
SL_20_65_15,20,65,15,,Command and control spaces
SL_20_65_28,20,65,28,,Examination rooms
SL_20_65_39,20,65,39,,Identification control rooms
SL_20_65_40,20,65,40,,Identification suites
SL_20_65_41,20,65,41,,Interview monitoring rooms
SL_20_65_42,20,65,42,,Interview rooms
SL_20_65_65,20,65,65,,Police boxes
SL_20_70,20,70,,,Judicial spaces
SL_20_70_15,20,70,15,,Courtrooms
SL_20_70_18,20,70,18,,Courtroom viewing galleries
SL_20_70_23,20,70,23,,Defendant docks
SL_20_70_28,20,70,28,,Evidence rooms
SL_20_70_41,20,70,41,,Judicial benches
SL_20_70_44,20,70,44,,Jury boxes
SL_20_70_97,20,70,97,,Witness stands
SL_20_75,20,75,,,Detention spaces
SL_20_75_13,20,75,13,,Charge areas
SL_20_75_15,20,75,15,,Communal inmate dayrooms
SL_20_75_22,20,75,22,,Detention cells
SL_20_75_28,20,75,28,,Exercise yards
SL_20_75_35,20,75,35,,Guard stations
SL_20_75_38,20,75,38,,Holding cells
SL_20_75_75,20,75,75,,Sally ports
SL_20_75_77,20,75,77,,Secure visiting rooms
SL_20_75_95,20,75,95,,Vehicle impound yards
SL_20_80,20,80,,,Weapons training spaces
SL_20_80_03,20,80,03,,Artillery firing ranges
SL_20_80_30,20,80,30,,Firing ranges
SL_20_80_63,20,80,63,,Pistol firing ranges
SL_20_80_72,20,80,72,,Rifle firing ranges
SL_20_85,20,85,,,Security spaces
SL_20_85_63,20,85,63,,Pedestrian security checkpoints
SL_20_85_75,20,85,75,,Security control spaces
SL_20_85_80,20,85,80,,Security offices
SL_20_85_95,20,85,95,,Vehicular security checkpoints
SL_20_90,20,90,,,Fire and incident support spaces
SL_20_90_25,20,90,25,,Escape stairs
SL_20_90_28,20,90,28,,Firefighting stairs
SL_20_90_30,20,90,30,,Fire refuge spaces
SL_20_90_31,20,90,31,,Fire training spaces
SL_20_90_60,20,90,60,,Protected escape corridors
SL_20_95,20,95,,,Protected zones
SL_20_95_20,20,95,20,,Detection zones
SL_20_95_28,20,95,28,,Evacuation zones
SL_20_95_30,20,95,30,,Fire compartments
SL_20_95_32,20,95,32,,Fire suppression zones
SL_20_95_80,20,95,80,,Smoke control zones
SL_25,25,,,,"Cultural, educational, scientific and information spaces"
SL_25_05,25,05,,,Commemoration spaces
SL_25_05_72,25,05,72,,Commemoration sites
SL_25_10,25,10,,,Educational spaces
SL_25_10_04,25,10,04,,Art classrooms
SL_25_10_05,25,10,05,,Assembly halls
SL_25_10_08,25,10,08,,Biology teaching laboratories
SL_25_10_13,25,10,13,,Chemistry teaching laboratories
SL_25_10_14,25,10,14,,Classrooms
SL_25_10_15,25,10,15,,Common rooms
SL_25_10_17,25,10,17,,Craft classrooms
SL_25_10_21,25,10,21,,Dance studios
SL_25_10_22,25,10,22,,Dissection theatres
SL_25_10_24,25,10,24,,Drama studios
SL_25_10_25,25,10,25,,Driving skid pans
SL_25_10_26,25,10,26,,Driving tuition spaces
SL_25_10_28,25,10,28,,Educational workshops
SL_25_10_30,25,10,30,,Food technology classrooms
SL_25_10_40,25,10,40,,Information and communications technology (ICT) laboratories
SL_25_10_46,25,10,46,,Language laboratories
SL_25_10_47,25,10,47,,Lecture theatres
SL_25_10_55,25,10,55,,Music classrooms
SL_25_10_66,25,10,66,,Physics teaching laboratories
SL_25_10_78,25,10,78,,Seminar rooms
SL_25_10_84,25,10,84,,Study rooms
SL_25_20,25,20,,,Design spaces
SL_25_20_04,25,20,04,,Artists' studios
SL_25_20_18,25,20,18,,Creative art studios
SL_25_20_23,25,20,23,,Designers' studios
SL_25_30,25,30,,,Scientific and laboratory spaces
SL_25_30_02,25,30,02,,Anechoic chambers
SL_25_30_04,25,30,04,,Astronomical observatories
SL_25_30_05,25,30,05,,Autoclave rooms
SL_25_30_07,25,30,07,,Biological laboratories
SL_25_30_10,25,30,10,,Bioscience laboratories
SL_25_30_13,25,30,13,,Chemistry laboratories
SL_25_30_14,25,30,14,,Clean rooms
SL_25_30_15,25,30,15,,Clinical biochemistry laboratories
SL_25_30_16,25,30,16,,Clinical microbiology laboratories
SL_25_30_17,25,30,17,,Clinical pathology laboratories
SL_25_30_19,25,30,19,,Containment laboratories
SL_25_30_21,25,30,21,,Darkrooms
SL_25_30_22,25,30,22,,Dental laboratories
SL_25_30_23,25,30,23,,Dissection rooms
SL_25_30_26,25,30,26,,Earth sciences laboratories
SL_25_30_27,25,30,27,,Engineering laboratories
SL_25_30_28,25,30,28,,Experiment control rooms
SL_25_30_29,25,30,29,,Flow cytometry rooms
SL_25_30_30,25,30,30,,Food testing laboratories
SL_25_30_31,25,30,31,,Forensics laboratories
SL_25_30_32,25,30,32,,Forensic scientific support rooms
SL_25_30_33,25,30,33,,Geology laboratories
SL_25_30_42,25,30,42,,Instrument rooms
SL_25_30_46,25,30,46,,Laboratory cold rooms
SL_25_30_47,25,30,47,,Laboratory warm rooms
SL_25_30_50,25,30,50,,Material testing laboratories
SL_25_30_66,25,30,66,,Physics laboratories
SL_25_30_68,25,30,68,,Psychology laboratories
SL_25_30_70,25,30,70,,Radiation shielded rooms
SL_25_30_76,25,30,76,,Scientific equipment rooms
SL_25_30_78,25,30,78,,Seismograph rooms
SL_25_30_88,25,30,88,,Testing rooms
SL_25_50,25,50,,,Exhibition spaces
SL_25_50_15,25,50,15,,Collection exhibition spaces
SL_25_50_16,25,50,16,,Conservation rooms
SL_25_50_21,25,50,21,,Diorama rooms
SL_25_50_26,25,50,26,,External galleries
SL_25_50_29,25,50,29,,Fauna exhibition spaces
SL_25_50_31,25,50,31,,Flora exhibition spaces
SL_25_50_42,25,50,42,,Internal galleries
SL_25_50_63,25,50,63,,Planetariums
SL_25_50_94,25,50,94,,Viewing spaces
SL_25_70,25,70,,,Information spaces
SL_25_70_02,25,70,02,,Archives
SL_25_70_04,25,70,04,,Audiovisual archives
SL_25_70_05,25,70,05,,Audiovisual study rooms
SL_25_70_13,25,70,13,,Conference rooms
SL_25_70_47,25,70,47,,Library rooms
SL_25_70_72,25,70,72,,Reading rooms
SL_25_70_73,25,70,73,,Records stores
SL_25_90,25,90,,,Worship spaces
SL_25_90_30,25,90,30,,Faith spaces
SL_25_90_65,25,90,65,,Prayer rooms
SL_25_90_78,25,90,78,,Shrines
SL_30,30,,,,Industrial spaces
SL_30_10,30,10,,,Mineral extraction spaces
SL_30_10_57,30,10,57,,Offshore oil and gas drilling spaces
SL_30_10_59,30,10,59,,Onshore oil and gas drilling spaces
SL_30_10_69,30,10,69,,Quarrying areas
SL_30_10_85,30,10,85,,Surface mine workings
SL_30_10_91,30,10,91,,Underground mine chambers
SL_30_10_93,30,10,93,,Underground mineshafts
SL_30_10_94,30,10,94,,Underground mine tunnels
SL_30_20,30,20,,,Nuclear and chemical management spaces
SL_30_20_70,30,20,70,,Radioactive decontamination spaces
SL_30_20_75,30,20,75,,Radioactive waste package transfer spaces
SL_30_30,30,30,,,Mineral processing spaces
SL_30_30_33,30,30,33,,Gas processing spaces
SL_30_30_58,30,30,58,,Oil processing spaces
SL_30_30_59,30,30,59,,Ore processing spaces
SL_30_40,30,40,,,Animal and plant products processing spaces
SL_30_40_07,30,40,07,,Bottling rooms
SL_30_40_10,30,40,10,,Butter making rooms
SL_30_40_18,30,40,18,,Cheesemaking rooms
SL_30_40_30,30,40,30,,Fish processing rooms
SL_30_40_32,30,40,32,,Fresh fruit and vegetable packing rooms
SL_30_40_44,30,40,44,,Juicing rooms
SL_30_40_50,30,40,50,,Meat processing rooms
SL_30_40_54,30,40,54,,Milk processing rooms
SL_30_40_63,30,40,63,,Plant fibre sorting rooms
SL_30_40_65,30,40,65,,Poultry and game processing rooms
SL_30_40_75,30,40,75,,Sawmills
SL_30_40_80,30,40,80,,Silk production rooms
SL_30_40_82,30,40,82,,Spinning rooms
SL_30_40_87,30,40,87,,Tanneries
SL_30_40_88,30,40,88,,Threshing rooms
SL_30_40_90,30,40,90,,Tobacco drying rooms
SL_30_40_96,30,40,96,,Weaving rooms
SL_30_40_98,30,40,98,,Wool sorting rooms
SL_30_50,30,50,,,Manufacturing spaces
SL_30_50_27,30,50,27,,Electronics clean rooms
SL_30_50_30,30,50,30,,Heavy industrial spaces
SL_30_50_40,30,50,40,,Kiln rooms
SL_30_50_43,30,50,43,,Light industrial spaces
SL_30_50_50,30,50,50,,Manufacturing workshops
SL_30_50_60,30,50,60,,Packaging lines
SL_30_50_61,30,50,61,,Paint spray booths
SL_30_50_62,30,50,62,,Pharmaceuticals clean rooms
SL_30_50_64,30,50,64,,Printing spaces
SL_30_60,30,60,,,Cleaning and maintenance spaces
SL_30_60_11,30,60,11,,Caretaker rooms
SL_30_60_13,30,60,13,,Clothes drying and airing rooms
SL_30_60_22,30,60,22,,Decontamination spaces
SL_30_60_24,30,60,24,,Dry cleaning spaces
SL_30_60_42,30,60,42,,Ironing rooms
SL_30_60_46,30,60,46,,Laundrettes
SL_30_60_47,30,60,47,,Laundries
SL_30_60_50,30,60,50,,Maintenance workshops
SL_30_60_75,30,60,75,,Service laundries
SL_30_60_94,30,60,94,,Vehicle washes
SL_30_60_96,30,60,96,,Wash-up spaces
SL_30_80,30,80,,,Kinetic power generation spaces
SL_30_80_96,30,80,96,,Watermill houses
SL_30_80_97,30,80,97,,Windmill houses
SL_30_85,30,85,,,Marine and water maintenance spaces
SL_30_85_08,30,85,08,,Boat repair spaces
SL_30_85_24,30,85,24,,Dry dock chambers
SL_30_85_30,30,85,30,,Floating docks
SL_30_85_97,30,85,97,,Wet docks
SL_30_90,30,90,,,Warehousing and distribution spaces
SL_30_90_33,30,90,33,,Goods delivery bays
SL_30_90_48,30,90,48,,Loading docks
SL_30_90_80,30,90,80,,Sorting and distribution spaces
SL_30_90_84,30,90,84,,Storage yards
SL_30_90_96,30,90,96,,Warehouse spaces
SL_32,32,,,,Water and land management spaces
SL_32_10,32,10,,,Agricultural and horticultural spaces
SL_32_10_03,32,10,03,,Arable fields
SL_32_10_26,32,10,26,,Farmyards
SL_32_10_28,32,10,28,,Fisheries
SL_32_10_30,32,10,30,,Fish farm tanks
SL_32_10_34,32,10,34,,Glasshouse spaces
SL_32_10_39,32,10,39,,Hothouse spaces
SL_32_10_47,32,10,47,,Livestock fields
SL_32_10_52,32,10,52,,Milking parlours
SL_32_10_55,32,10,55,,Mushroom cultivation spaces
SL_32_10_60,32,10,60,,Paddocks
SL_32_10_65,32,10,65,,Polytunnel spaces
SL_32_10_66,32,10,66,,Poultry batteries
SL_32_10_77,32,10,77,,Shearing spaces
SL_32_10_78,32,10,78,,Sheep dips
SL_32_10_94,32,10,94,,Vineyard spaces
SL_32_35,32,35,,,Ground spaces
SL_32_35_22,32,35,22,,Decking areas
SL_32_35_24,32,35,24,,Driveways
SL_32_35_30,32,35,30,,Flower beds
SL_32_35_46,32,35,46,,Lawns
SL_32_35_60,32,35,60,,Patios
SL_32_35_94,32,35,94,,Vegetable gardens
SL_32_40,32,40,,,Land managed spaces
SL_32_40_26,32,40,26,,Easement access areas
SL_32_40_90,32,40,90,,Tree protection zones
SL_32_50,32,50,,,Marine ways and waterway spaces
SL_32_50_06,32,50,06,,Beach ramps
SL_32_50_18,32,50,18,,Deep berths
SL_32_50_47,32,50,47,,Lifeboat vessel launch spaces
SL_32_50_79,32,50,79,,Slipways
SL_32_60,32,60,,,Marine and waterside spaces
SL_32_60_06,32,60,06,,Beaches
SL_32_60_55,32,60,55,,Mudflats
SL_32_60_65,32,60,65,,Pontoons
SL_32_60_76,32,60,76,,Sand dunes
SL_32_65,32,65,,,Natural spaces
SL_32_65_37,32,65,37,,Heathlands
SL_32_65_50,32,65,50,,Marshes and wet grasslands
SL_32_65_51,32,65,51,,Meadows
SL_32_65_53,32,65,53,,Moorlands
SL_32_65_59,32,65,59,,Open grasslands
SL_32_65_71,32,65,71,,Riverbeds
SL_32_65_72,32,65,72,,River reaches
SL_32_65_73,32,65,73,,Rocks and screes
SL_32_65_76,32,65,76,,Scrub
SL_32_65_82,32,65,82,,Species-rich grassland
SL_32_65_95,32,65,95,,Washland
SL_32_80,32,80,,,Semi-natural spaces
SL_32_80_03,32,80,03,,Amenity grass areas
SL_32_80_08,32,80,08,,Brownfield sites
SL_32_80_23,32,80,23,,Disused mineral extraction sites
SL_32_80_50,32,80,50,,Mowing strips
SL_32_80_89,32,80,89,,Transport corridor verges
SL_35,35,,,,"Medical, health, welfare and sanitary spaces"
SL_35_10,35,10,,,Medical spaces
SL_35_10_08,35,10,08,,Birthing rooms
SL_35_10_10,35,10,10,,Burns units
SL_35_10_15,35,10,15,,Consulting rooms
SL_35_10_30,35,10,30,,First aid posts
SL_35_10_31,35,10,31,,First aid rooms
SL_35_10_36,35,10,36,,Hearing test rooms
SL_35_10_39,35,10,39,,Hydrotherapy pools
SL_35_10_42,35,10,42,,Intensive care units
SL_35_10_43,35,10,43,,Isolation units
SL_35_10_51,35,10,51,,Medical scanning and x-ray rooms
SL_35_10_53,35,10,53,,Medical treatment spaces
SL_35_10_58,35,10,58,,Occupational therapy rooms
SL_35_10_59,35,10,59,,Operating theatres
SL_35_10_64,35,10,64,,Pharmaceutical dispensaries
SL_35_10_65,35,10,65,,Phototherapy spaces
SL_35_10_66,35,10,66,,Physiotherapy rooms
SL_35_10_70,35,10,70,,Radiography rooms
SL_35_10_71,35,10,71,,Radiotherapy rooms
SL_35_10_73,35,10,73,,Recovery rooms
SL_35_10_74,35,10,74,,Rehabilitation rooms
SL_35_10_96,35,10,96,,Wards
SL_35_50,35,50,,,Welfare spaces
SL_35_50_17,35,50,17,,Cr�ches and nurseries
SL_35_50_21,35,50,21,,Day-care spaces
SL_35_50_60,35,50,60,,Parent and baby rooms
SL_35_50_75,35,50,75,,Sauna rooms
SL_35_50_90,35,50,90,,Treatment rooms
SL_35_60,35,60,,,Food management spaces
SL_35_60_14,35,60,14,,Commercial kitchens
SL_35_60_16,35,60,16,,Cooking spaces
SL_35_60_30,35,60,30,,Food preparation areas
SL_35_60_56,35,60,56,,Non-domestic kitchens
SL_35_70,35,70,,,Funerary spaces
SL_35_70_12,35,70,12,,Cemetery plots
SL_35_70_15,35,70,15,,Columbariums
SL_35_70_18,35,70,18,,Crematorium oven rooms
SL_35_70_32,35,70,32,,Funeral vaults
SL_35_70_50,35,70,50,,Mausoleums
SL_35_70_90,35,70,90,,Tombs
SL_35_80,35,80,,,Sanitary spaces
SL_35_80_02,35,80,02,,Adult changing rooms
SL_35_80_06,35,80,06,,Baby changing rooms
SL_35_80_08,35,80,08,,Bathrooms
SL_35_80_59,35,80,59,,Open shower areas
SL_35_80_68,35,80,68,,Public toilets
SL_35_80_80,35,80,80,,Showers
SL_35_80_89,35,80,89,,Toilets
SL_35_85,35,85,,,Animal spaces
SL_35_85_00,35,85,00,,Animal arks
SL_35_85_01,35,85,01,,Animal cages
SL_35_85_03,35,85,03,,Animal enclosures
SL_35_85_04,35,85,04,,Animal exercise arenas
SL_35_85_05,35,85,05,,Aviaries
SL_35_85_12,35,85,12,,Cattle byres
SL_35_85_39,35,85,39,,Fish tanks
SL_35_85_45,35,85,45,,Kennels
SL_35_85_47,35,85,47,,Loose boxes
SL_35_85_62,35,85,62,,Pens
SL_35_85_83,35,85,83,,Stables
SL_35_85_84,35,85,84,,Stable yards
SL_35_85_85,35,85,85,,Stalls
SL_35_85_86,35,85,86,,Sties
SL_35_85_88,35,85,88,,Tack rooms
SL_35_90,35,90,,,"Animal medical, health, welfare and funerary spaces"
SL_35_90_10,35,90,10,,Animal burial plots
SL_35_90_15,35,90,15,,Animal clinics
SL_35_90_22,35,90,22,,Animal dispensaries
SL_35_90_32,35,90,32,,Animal funerary spaces
SL_35_90_34,35,90,34,,Animal grooming facilities
SL_35_90_37,35,90,37,,Animal hydrotherapy pools
SL_35_90_59,35,90,59,,Animal operating theatres
SL_35_90_72,35,90,72,,Animal wards
SL_40,40,,,,Recreational spaces
SL_40_05,40,05,,,Amusement spaces
SL_40_05_03,40,05,03,,Amusement arcades
SL_40_05_13,40,05,13,,Casino floors
SL_40_05_42,40,05,42,,Indoor fairground spaces
SL_40_05_43,40,05,43,,Indoor play spaces
SL_40_05_58,40,05,58,,Observation decks
SL_40_05_59,40,05,59,,Outdoor activity areas
SL_40_05_60,40,05,60,,Outdoor fairground spaces
SL_40_05_61,40,05,61,,Outdoor playgrounds
SL_40_05_68,40,05,68,,Public parks and gardens
SL_40_20,40,20,,,Dining spaces
SL_40_20_06,40,20,06,,Bars
SL_40_20_09,40,20,09,,Beverage stations
SL_40_20_27,40,20,27,,Enclosed dining areas
SL_40_20_28,40,20,28,,Food courts
SL_40_20_59,40,20,59,,Outdoor dining areas
SL_40_60,40,60,,,Performing arts spaces
SL_40_60_05,40,60,05,,Auditoriums
SL_40_60_06,40,60,06,,Bandstands
SL_40_60_11,40,60,11,,Catwalks
SL_40_60_13,40,60,13,,Circus rings
SL_40_60_21,40,60,21,,Dance floors
SL_40_60_31,40,60,31,,Fixed stages
SL_40_60_40,40,60,40,,Indoor theatre spaces
SL_40_60_52,40,60,52,,Mobile stages
SL_40_60_58,40,60,58,,Orchestra pits
SL_40_60_59,40,60,59,,Outdoor theatre spaces
SL_40_60_78,40,60,78,,Sound recording studios
SL_40_60_80,40,60,80,,Sound shells
SL_40_60_81,40,60,81,,Sound stages
SL_40_65,40,65,,,Performing arts ancillary spaces
SL_40_65_04,40,65,04,,Audience lobbies
SL_40_65_24,40,65,24,,Dressing rooms
SL_40_65_35,40,65,35,,Green rooms
SL_40_65_47,40,65,47,,Lighting control booths
SL_40_65_66,40,65,66,,Projection booths
SL_40_65_70,40,65,70,,Recording control booths
SL_40_65_72,40,65,72,,Rehearsal rooms
SL_40_65_76,40,65,76,,Scenery control booths
SL_40_65_79,40,65,79,,Sound control booths
SL_40_65_80,40,65,80,,Sound locks
SL_40_65_85,40,65,85,,Stage wings
SL_42,42,,,,Sport and activity spaces
SL_42_15,42,15,,,"Courts, pitches and field sports spaces"
SL_42_15_37,42,15,37,,High jump areas
SL_42_15_42,42,15,42,,Indoor sports courts and pitches
SL_42_15_44,42,15,44,,Javelin throwing areas
SL_42_15_47,42,15,47,,Long jump tracks and pits
SL_42_15_59,42,15,59,,Outdoor sports courts
SL_42_15_60,42,15,60,,Outdoor sports pitches and fields
SL_42_15_65,42,15,65,,Pole vaulting areas
SL_42_15_74,42,15,74,,Running tracks
SL_42_15_78,42,15,78,,Shot put and hammer throwing areas
SL_42_40,42,40,,,Indoor activity spaces
SL_42_40_09,42,40,09,,Bouldering spaces
SL_42_40_14,42,40,14,,Climbing wall areas
SL_42_40_20,42,40,20,,Cycle tracks
SL_42_40_23,42,40,23,,Dojo
SL_42_40_30,42,40,30,,Fitness rooms
SL_42_40_35,42,40,35,,Gymnasiums
SL_42_40_37,42,40,37,,Gymnastics areas
SL_42_40_79,42,40,79,,"Snooker, billiards and pool halls"
SL_42_40_90,42,40,90,,Ten pin bowling alleys
SL_42_55,42,55,,,Outdoor activity spaces
SL_42_55_01,42,55,01,,Archery ranges
SL_42_55_07,42,55,07,,BMX cycling tracks
SL_42_55_08,42,55,08,,Bowling greens
SL_42_55_17,42,55,17,,Cross-country cycling courses
SL_42_55_18,42,55,18,,Cross-country equestrian courses
SL_42_55_19,42,55,19,,Cross-country rallying courses
SL_42_55_20,42,55,20,,Cross-country running courses
SL_42_55_23,42,55,23,,Dog racing tracks
SL_42_55_26,42,55,26,,Equestrian arenas
SL_42_55_35,42,55,35,,Golf fairways
SL_42_55_39,42,55,39,,Horse racing courses
SL_42_55_53,42,55,53,,Motor racing tracks
SL_42_55_60,42,55,60,,Parkour courses
SL_42_55_65,42,55,65,,Putting greens
SL_42_55_72,42,55,72,,Road running courses
SL_42_55_76,42,55,76,,Skateboarding parks
SL_42_55_82,42,55,82,,Speedway tracks
SL_42_55_96,42,55,96,,Walking trails
SL_42_80,42,80,,,Sports and activity ancillary spaces
SL_42_80_65,42,80,65,,Press boxes
SL_42_80_88,42,80,88,,Technical areas and dugouts
SL_42_85,42,85,,,Swimming spaces
SL_42_85_23,42,85,23,,Diving pools
SL_42_85_64,42,85,64,,Plunge pools
SL_42_85_80,42,85,80,,Spa pools
SL_42_85_82,42,85,82,,Splash pools
SL_42_85_83,42,85,83,,Swimming pools
SL_42_85_94,42,85,94,,"Water flumes, slides and tubes"
SL_42_85_97,42,85,97,,Wave pools
SL_42_85_98,42,85,98,,Whirlpools
SL_42_90,42,90,,,Water activity spaces
SL_42_90_11,42,90,11,,Canoe slalom courses
SL_42_90_12,42,90,12,,Canoe sprint courses
SL_42_90_50,42,90,50,,Motorboat courses
SL_42_90_73,42,90,73,,Rowing courses
SL_42_90_75,42,90,75,,Sailing courses
SL_42_90_97,42,90,97,,Water skiing courses
SL_42_90_98,42,90,98,,White water canoe courses
SL_42_95,42,95,,,Winter sports spaces
SL_42_95_02,42,95,02,,Alpine skiing courses
SL_42_95_04,42,95,04,,Artificial ski slopes
SL_42_95_08,42,95,08,,Bobsleigh courses
SL_42_95_19,42,95,19,,Cross-country skiing courses
SL_42_95_20,42,95,20,,Curling rinks
SL_42_95_32,42,95,32,,Freestyle skiing courses
SL_42_95_40,42,95,40,,Ice skating rinks
SL_42_95_76,42,95,76,,Short track speed skating tracks
SL_42_95_79,42,95,79,,Ski jumps
SL_42_95_80,42,95,80,,Snowboarding courses
SL_42_95_83,42,95,83,,Speed skating courses
SL_45,45,,,,Residential spaces
SL_45_10,45,10,,,Living spaces
SL_45_10_06,45,10,06,,Balconies
SL_45_10_08,45,10,08,,Bedroom-studies
SL_45_10_09,45,10,09,,Bedrooms
SL_45_10_12,45,10,12,,Caravan pitches
SL_45_10_14,45,10,14,,Communal living rooms
SL_45_10_16,45,10,16,,Concierge offices
SL_45_10_18,45,10,18,,Conservatories
SL_45_10_22,45,10,22,,Domestic dining rooms
SL_45_10_23,45,10,23,,Domestic kitchens
SL_45_10_24,45,10,24,,Dormitories
SL_45_10_37,45,10,37,,Hotel rooms
SL_45_10_44,45,10,44,,Kitchen-dining rooms
SL_45_10_49,45,10,49,,Living rooms
SL_45_10_57,45,10,57,,Nursing home bedrooms
SL_45_10_60,45,10,60,,Panic rooms
SL_45_10_85,45,10,85,,Studies
SL_45_10_88,45,10,88,,Tent pitches
SL_45_10_93,45,10,93,,Utility rooms
SL_45_10_94,45,10,94,,Verandas
SL_50,50,,,,Waste disposal spaces and locations
SL_50_10,50,10,,,Gas waste collection spaces
SL_50_20,50,20,,,Wet waste collection spaces
SL_50_30,50,30,,,Drainage collection spaces
SL_50_35,50,35,,,Drainage collection locations
SL_50_35_36,50,35,36,,Grip inlets
SL_50_35_41,50,35,41,,Inlet discharge
SL_50_35_59,50,35,59,,Outlet discharge
SL_50_40,50,40,,,Dry waste collection spaces
SL_50_40_72,50,40,72,,Refuse storage space
SL_50_50,50,50,,,Gas waste treatment and disposal spaces
SL_50_50_92,50,50,92,,Waste gas treatment spaces
SL_50_60,50,60,,,Wet waste treatment and disposal spaces
SL_50_60_28,50,60,28,,Evaporation ponds
SL_50_60_94,50,60,94,,Waste liquids treatment spaces
SL_50_70,50,70,,,Drainage treatment and disposal spaces
SL_50_75,50,75,,,Wastewater treatment and disposal spaces
SL_50_75_40,50,75,40,,Wastewater treatment spaces
SL_50_75_70,50,75,70,,Wastewater disposal spaces
SL_50_80,50,80,,,Dry waste treatment and disposal spaces
SL_50_80_40,50,80,40,,Dry waste treatment spaces
SL_50_80_70,50,80,70,,Dry waste disposal spaces
SL_55,55,,,,Piped supply spaces
SL_55_05,55,05,,,Gas extraction and treatment spaces
SL_55_05_30,55,05,30,,Gas extraction spaces
SL_55_05_70,55,05,70,,Gas treatment spaces
SL_55_10,55,10,,,Liquid fuel extraction and treatment spaces
SL_55_10_10,55,10,10,,Oil extraction spaces
SL_55_10_50,55,10,50,,Oil treatment spaces
SL_55_15,55,15,,,Water extraction and treatment spaces
SL_55_15_10,55,15,10,,Water extraction spaces
SL_55_15_50,55,15,50,,Water treatment spaces
SL_55_20,55,20,,,Gas supply spaces
SL_55_20_65,55,20,65,,Service gas supply pipes
SL_55_30,55,30,,,Fire extinguishing supply spaces
SL_55_40,55,40,,,Steam supply spaces
SL_55_50,55,50,,,Liquid fuel supply spaces
SL_55_60,55,60,,,Process liquid supply spaces
SL_55_65,55,65,,,Ventilation and air conditioning spaces
SL_55_70,55,70,,,Water supply spaces
SL_55_70_65,55,70,65,,Private water supply pipes
SL_55_90,55,90,,,Piped solids supply spaces
SL_60,60,,,,"Heating, cooling and refrigeration spaces"
SL_60_30,60,30,,,Rail and paving heating spaces
SL_60_40,60,40,,,Space heating and cooling spaces
SL_60_60,60,60,,,Refrigeration spaces
SL_60_80,60,80,,,Drying spaces
SL_60_80_25,60,80,25,,Drying rooms
SL_70,70,,,,Electrical power generation and lighting spaces
SL_70_10,70,10,,,Electrical power generation spaces
SL_70_10_91,70,10,91,,Turbine rooms
SL_70_30,70,30,,,Electricity distribution and transmission spaces
SL_70_30_35,70,30,35,,High voltage electricity substation chambers
SL_70_30_45,70,30,45,,Low voltage electricity substation chambers
SL_75,75,,,,"Communications, security, safety and protection spaces"
SL_75_10,75,10,,,Communications spaces
SL_75_10_21,75,10,21,,Communications equipment rooms
SL_75_10_23,75,10,23,,Digital data transmission networks
SL_75_10_70,75,10,70,,Radio broadcast control booths
SL_75_10_73,75,10,73,,Radio studios
SL_75_10_88,75,10,88,,Telecommunications control spaces
SL_75_10_89,75,10,89,,Telephone boxes and booths
SL_75_10_90,75,10,90,,Telephone exchange spaces
SL_75_10_91,75,10,91,,Television broadcast control booths
SL_75_10_93,75,10,93,,Television studios
SL_75_30,75,30,,,Signalling spaces
SL_75_30_80,75,30,80,,Signal boxes
SL_75_40,75,40,,,Electronic security spaces
SL_75_40_28,75,40,28,,Electronic security control rooms
SL_75_50,75,50,,,Safety and protection spaces
SL_75_60,75,60,,,Environmental safety
SL_75_70,75,70,,,Control and management spaces
SL_75_80,75,80,,,Protection spaces
SL_80,80,,,,Transport spaces
SL_80_05,80,05,,,Aerospace ground spaces
SL_80_05_02,80,05,02,,Aeroplane landing strips
SL_80_05_03,80,05,03,,Aeroplane runways
SL_80_05_04,80,05,04,,Aircraft fuelling spaces
SL_80_05_05,80,05,05,,Aircraft manoeuvring areas
SL_80_05_06,80,05,06,,Aircraft standing areas
SL_80_05_07,80,05,07,,Aircraft storage spaces
SL_80_05_33,80,05,33,,Gliding runways
SL_80_05_37,80,05,37,,Hang-gliding launch spaces
SL_80_05_38,80,05,38,,Helipads
SL_80_05_82,80,05,82,,Spacecraft landing strips
SL_80_05_84,80,05,84,,Spacecraft launch pads
SL_80_10,80,10,,,Loading and embarkation spaces
SL_80_10_06,80,10,06,,Baggage claim areas
SL_80_10_07,80,10,07,,Baggage handling areas
SL_80_10_09,80,10,09,,Boarding areas
SL_80_10_10,80,10,10,,Bus stops
SL_80_10_12,80,10,12,,Cargo handling areas
SL_80_10_13,80,10,13,,Cargo loading areas
SL_80_10_16,80,10,16,,Concourses
SL_80_10_20,80,10,20,,Customs control areas
SL_80_10_22,80,10,22,,Departure lounges
SL_80_10_55,80,10,55,,Passenger gates
SL_80_10_60,80,10,60,,Passport control offices
SL_80_10_77,80,10,77,,Security screening areas
SL_80_10_80,80,10,80,,Ship gangways
SL_80_15,80,15,,,Aerospace maintenance spaces
SL_80_15_01,80,15,01,,Aircraft cleaning spaces
SL_80_15_04,80,15,04,,Aircraft repair spaces
SL_80_15_06,80,15,06,,Airport control spaces
SL_80_15_79,80,15,79,,Spacecraft cleaning spaces
SL_80_15_81,80,15,81,,Spacecraft preparation spaces
SL_80_15_82,80,15,82,,Spacecraft repair spaces
SL_80_20,80,20,,,Cableways
SL_80_20_13,80,20,13,,Cableways
SL_80_30,80,30,,,Cable transport storage and maintenance spaces
SL_80_30_34,80,30,34,,Gondola repair and cleaning spaces
SL_80_30_35,80,30,35,,Gondola storage spaces
SL_80_35,80,35,,,Road spaces
SL_80_35_04,80,35,04,,Arrestor beds
SL_80_35_08,80,35,08,,Bus manoeuvring areas
SL_80_35_11,80,35,11,,Car manoeuvring areas
SL_80_35_13,80,35,13,,Carriageways
SL_80_35_16,80,35,16,,Central reservations
SL_80_35_18,80,35,18,,Crossover spaces
SL_80_35_19,80,35,19,,Cycle crossings
SL_80_35_20,80,35,20,,Cycle lanes
SL_80_35_22,80,35,22,,Diversion routes
SL_80_35_36,80,35,36,,Hard shoulders
SL_80_35_37,80,35,37,,Hard standings
SL_80_35_39,80,35,39,,Highway pull-offs
SL_80_35_40,80,35,40,,Highway roundabouts
SL_80_35_42,80,35,42,,Intersections
SL_80_35_44,80,35,44,,Junctions
SL_80_35_45,80,35,45,,Lanes
SL_80_35_46,80,35,46,,Lay-bys and passing places
SL_80_35_57,80,35,57,,Non-motorized use crossings
SL_80_35_59,80,35,59,,Oxbow laybys
SL_80_35_62,80,35,62,,Pedestrian crossings
SL_80_35_63,80,35,63,,Pedestrian routes
SL_80_35_64,80,35,64,,Pedestrian refuges and islands
SL_80_35_66,80,35,66,,Police ramps
SL_80_35_70,80,35,70,,Railway crossings
SL_80_35_71,80,35,71,,Refuge areas
SL_80_35_72,80,35,72,,Roadside rest areas
SL_80_35_74,80,35,74,,Road sections
SL_80_35_77,80,35,77,,Side reservations
SL_80_35_78,80,35,78,,Side road carriageways
SL_80_35_80,80,35,80,,Slip road carriageways
SL_80_35_81,80,35,81,,Soft shoulders
SL_80_35_87,80,35,87,,Taxi ranks
SL_80_35_90,80,35,90,,Truck manoeuvring areas
SL_80_35_94,80,35,94,,Vaulted spaces
SL_80_45,80,45,,,Vehicle storage spaces
SL_80_45_09,80,45,09,,Bus standing spaces
SL_80_45_11,80,45,11,,Car park attendant booths
SL_80_45_13,80,45,13,,Car park ramps
SL_80_45_15,80,45,15,,Cycle parking spaces
SL_80_45_40,80,45,40,,Indoor vehicle parking spaces
SL_80_45_59,80,45,59,,Outdoor vehicle parking spaces
SL_80_45_91,80,45,91,,Truck standing spaces
SL_80_50,80,50,,,Railway spaces
SL_80_50_11,80,50,11,,Carriage cleaning spaces
SL_80_50_24,80,50,24,,Double-sided platforms
SL_80_50_26,80,50,26,,Engine fuelling areas
SL_80_50_27,80,50,27,,Engine inspection pits
SL_80_50_28,80,50,28,,Engine servicing areas
SL_80_50_29,80,50,29,,Engine wash areas
SL_80_50_47,80,50,47,,Light rail stops
SL_80_50_50,80,50,50,,Marshalling yards
SL_80_50_58,80,50,58,,Railway overpasses
SL_80_50_70,80,50,70,,Rail repair spaces
SL_80_50_71,80,50,71,,Railway side reservations
SL_80_50_72,80,50,72,,Railway lines
SL_80_50_74,80,50,74,,Railway sections
SL_80_50_77,80,50,77,,Railway signal control spaces
SL_80_50_79,80,50,79,,Signalling equipment room
SL_80_50_80,80,50,80,,Single-sided platforms
SL_80_50_85,80,50,85,,Stabling yards
SL_80_50_88,80,50,88,,Track paralleling huts
SL_80_50_90,80,50,90,,Train stops
SL_80_50_92,80,50,92,,Railway underpasses
SL_80_50_95,80,50,95,,Wagon decontamination spaces
SL_80_50_97,80,50,97,,Wagon maintenance spaces
SL_80_70,80,70,,,Marine and waterways transport spaces
SL_80_70_11,80,70,11,,Canal lock chambers
SL_80_70_37,80,70,37,,Harbour locks
SL_80_90,80,90,,,Transport hubs
SL_80_92,80,92,,,Grid systems
SL_80_92_34,80,92,34,,Geospatial grids
SL_80_92_37,80,92,37,,Horizontal alignment grids
SL_80_92_94,80,92,94,,Vertical alignment grids
SL_80_94,80,94,,,Bridge and structure spaces
SL_80_94_07,80,94,07,,Bearing shelves
SL_80_94_09,80,94,09,,Bridge aprons
SL_80_94_71,80,94,71,,Retaining wall aprons
SL_80_96,80,96,,,Tunnel and shaft spaces
SL_80_96_15,80,96,15,,Concourse tunnels
SL_80_96_18,80,96,18,,Crossover tunnels
SL_80_96_20,80,96,20,,Drift tunnel portals
SL_80_96_58,80,96,58,,Overrun tunnels
SL_80_96_60,80,96,60,,Passageway tunnels
SL_80_96_64,80,96,64,,Platform tunnels
SL_80_96_78,80,96,78,,Sidings tunnels
SL_80_98,80,98,,,Transport kinematic envelopes
SL_80_98_09,80,98,09,,Bridge headrooms
SL_80_98_15,80,98,15,,Collapse radius
SL_80_98_46,80,98,46,,Lateral safety zones
SL_80_98_48,80,98,48,,Longitudinal safety zones
SL_80_98_75,80,98,75,,Safety clearance zones
SL_80_98_85,80,98,85,,Swept path areas
SL_80_98_90,80,98,90,,Tunnel headrooms
SL_80_98_97,80,98,97,,Working widths
SL_90,90,,,,General spaces
SL_90_10,90,10,,,Circulation spaces
SL_90_10_02,90,10,02,,Airlocks
SL_90_10_04,90,10,04,,Atriums
SL_90_10_08,90,10,08,,Breezeways
SL_90_10_15,90,10,15,,Corridors
SL_90_10_16,90,10,16,,Covered walkways and internal bridges
SL_90_10_24,90,10,24,,Drop-off and collection areas
SL_90_10_27,90,10,27,,Entrance halls
SL_90_10_28,90,10,28,,Escalators and travelators
SL_90_10_34,90,10,34,,Goods conveyors
SL_90_10_36,90,10,36,,Hallways
SL_90_10_46,90,10,46,,Landings
SL_90_10_47,90,10,47,,Lifts
SL_90_10_51,90,10,51,,Lobbies
SL_90_10_64,90,10,64,,Porches
SL_90_10_68,90,10,68,,Public squares
SL_90_10_71,90,10,71,,Retail circulation spaces
SL_90_10_77,90,10,77,,Shelters
SL_90_10_87,90,10,87,,Stairways
SL_90_10_94,90,10,94,,Vestibules
SL_90_10_95,90,10,95,,Walkways
SL_90_10_96,90,10,96,,Wheelchair circulation spaces
SL_90_20,90,20,,,Common spaces
SL_90_20_01,90,20,01,,Accident and emergency waiting rooms
SL_90_20_02,90,20,02,,Air spaces
SL_90_20_04,90,20,04,,Audience seating areas
SL_90_20_05,90,20,05,,Audience standing areas
SL_90_20_08,90,20,08,,Breakout spaces
SL_90_20_13,90,20,13,,Changing rooms
SL_90_20_14,90,20,14,,Cloakrooms
SL_90_20_15,90,20,15,,Corporate boxes and VIP seating
SL_90_20_16,90,20,16,,Customer service counter areas
SL_90_20_69,90,20,69,,Queuing areas
SL_90_20_82,90,20,82,,Spectator seating areas
SL_90_20_83,90,20,83,,Spectator standing areas
SL_90_20_88,90,20,88,,Temporary seating areas
SL_90_20_89,90,20,89,,Ticket offices
SL_90_20_96,90,20,96,,Waiting rooms
SL_90_20_98,90,20,98,,Work booths
SL_90_30,90,30,,,Construction voids
SL_90_30_25,90,30,25,,Excavation volumes
SL_90_30_30,90,30,30,,Finishes allowances
SL_90_30_80,90,30,80,,Space proofing envelopes
SL_90_30_90,90,30,90,,Tolerance zones
SL_90_40,90,40,,,General levels
SL_90_40_46,90,40,46,,Levels
SL_90_50,90,50,,,Storage spaces
SL_90_50_04,90,50,04,,Arms depots and armouries
SL_90_50_06,90,50,06,,Baggage storage areas
SL_90_50_07,90,50,07,,Battery stores
SL_90_50_08,90,50,08,,Blood banks
SL_90_50_09,90,50,09,,Boat storage spaces
SL_90_50_11,90,50,11,,Cargo storage areas
SL_90_50_12,90,50,12,,Carports
SL_90_50_13,90,50,13,,Chemicals stores
SL_90_50_14,90,50,14,,Clothes stores
SL_90_50_15,90,50,15,,Cold stores
SL_90_50_17,90,50,17,,Cycle storage spaces
SL_90_50_24,90,50,24,,Dry waste storage spaces
SL_90_50_25,90,50,25,,Dungsteads
SL_90_50_26,90,50,26,,Effluent tanks
SL_90_50_27,90,50,27,,Equipment stores
SL_90_50_28,90,50,28,,Explosives and ordnance storerooms
SL_90_50_30,90,50,30,,Feed stores
SL_90_50_31,90,50,31,,Flammable chemical stores
SL_90_50_32,90,50,32,,Fuel storage areas
SL_90_50_33,90,50,33,,Garages
SL_90_50_34,90,50,34,,Gas storage spaces
SL_90_50_35,90,50,35,,General storerooms
SL_90_50_36,90,50,36,,Goods stores
SL_90_50_37,90,50,37,,Grain stores
SL_90_50_38,90,50,38,,Hazardous waste storage spaces
SL_90_50_44,90,50,44,,Janitor stores
SL_90_50_45,90,50,45,,Keg stores
SL_90_50_46,90,50,46,,Larders and pantries
SL_90_50_47,90,50,47,,Left luggage stores
SL_90_50_48,90,50,48,,Locker rooms
SL_90_50_52,90,50,52,,Mineral storage spaces
SL_90_50_54,90,50,54,,Morgues
SL_90_50_55,90,50,55,,Mortuaries
SL_90_50_58,90,50,58,,Oil storage spaces
SL_90_50_65,90,50,65,,Pharmaceutical stores
SL_90_50_70,90,50,70,,Raw materials storage silos
SL_90_50_71,90,50,71,,Raw materials storage spaces
SL_90_50_72,90,50,72,,Raw materials storage tanks
SL_90_50_77,90,50,77,,Secure storerooms
SL_90_50_80,90,50,80,,Solid fuel storerooms
SL_90_50_84,90,50,84,,Storage rooms
SL_90_50_88,90,50,88,,Tissue and organ stores
SL_90_50_90,90,50,90,,Vaults and strong rooms
SL_90_50_93,90,50,93,,Walk-in wardrobes
SL_90_50_94,90,50,94,,Waste gas storage spaces
SL_90_50_95,90,50,95,,Waste liquids storage spaces
SL_90_50_96,90,50,96,,Waste solids storage spaces
SL_90_50_97,90,50,97,,Wet waste storage spaces
SL_90_50_98,90,50,98,,Wine cellars
SL_90_60,90,60,,,Unoccupied voids
SL_90_60_01,90,60,01,,Access spaces
SL_90_60_02,90,60,02,,Air shafts
SL_90_60_10,90,60,10,,Cavities
SL_90_60_12,90,60,12,,Chimneys
SL_90_60_13,90,60,13,,Chutes
SL_90_60_18,90,60,18,,Crawl spaces
SL_90_60_49,90,60,49,,Lift pits
SL_90_60_50,90,60,50,,Lift shafts
SL_90_60_51,90,60,51,,Light wells
SL_90_60_64,90,60,64,,Platform voids
SL_90_60_72,90,60,72,,Roof surface spaces
SL_90_60_74,90,60,74,,Roof voids
SL_90_90,90,90,,,Plant and control spaces
SL_90_90_01,90,90,01,,Access floor voids
SL_90_90_08,90,90,08,,Boiler rooms
SL_90_90_13,90,90,13,,Ceiling voids
SL_90_90_15,90,90,15,,Control rooms
SL_90_90_32,90,90,32,,Furnace rooms
SL_90_90_42,90,90,42,,Incinerator rooms
SL_90_90_48,90,90,48,,Lift machine rooms
SL_90_90_64,90,90,64,,Plant rooms
SL_90_90_77,90,90,77,,Server rooms
SL_90_90_78,90,90,78,,Services shafts
SL_90_90_85,90,90,85,,Switch rooms
SL_90_90_87,90,90,87,,Tank rooms
SL_90_90_90,90,90,90,,Transformer rooms
SL_90_90_96,90,90,96,,Wall services voids
