Code,Group,Sub group,Section,Object,Title
En_20,20,,,,"Administrative, commercial and protective service entities"
En_20_10,20,10,,,Legislative entities
En_20_10_45,20,10,45,,Governmental buildings
En_20_15,20,15,,,Administrative office entities
En_20_15_10,20,15,10,,Multiple occupation office buildings
En_20_15_70,20,15,70,,Single occupation office buildings
En_20_20,20,20,,,Secular representative entities
En_20_20_10,20,20,10,,Buildings for representatives of nation states abroad
En_20_20_40,20,20,40,,Local government buildings
En_20_20_50,20,20,50,,National government buildings
En_20_20_70,20,20,70,,Regional government buildings
En_20_45,20,45,,,Motor vehicle maintenance and fuelling entities
En_20_45_50,20,45,50,,Motor vehicle fuelling and charging entities
En_20_45_54,20,45,54,,Motor vehicle servicing and repair entities
En_20_50,20,50,,,Commercial entities
En_20_50_05,20,50,05,,Auction buildings
En_20_50_22,20,50,22,,Department stores
En_20_50_29,20,50,29,,Financial and professional services buildings
En_20_50_50,20,50,50,,Markets
En_20_50_53,20,50,53,,Mixed use buildings
En_20_50_55,20,50,55,,Motor vehicle sales entities
En_20_50_80,20,50,80,,Shop units
En_20_50_85,20,50,85,,Supermarkets
En_20_50_97,20,50,97,,Wholesale buildings
En_20_55,20,55,,,Postal communications entities
En_20_55_65,20,55,65,,Post office buildings
En_20_55_80,20,55,80,,Sorting office buildings
En_20_60,20,60,,,Military entities
En_20_60_02,20,60,02,,Air force buildings
En_20_60_10,20,60,10,,Army buildings
En_20_60_56,20,60,56,,Navy buildings
En_20_65,20,65,,,Law enforcement operational entities
En_20_65_09,20,65,09,,Police buildings
En_20_70,20,70,,,Judicial entities
En_20_70_40,20,70,40,,Law court buildings
En_20_75,20,75,,,Detention entities
En_20_75_10,20,75,10,,Detention buildings
En_20_80,20,80,,,Weapons training ranges
En_20_80_29,20,80,29,,Firing range buildings
En_20_80_30,20,80,30,,Exterior firing ranges
En_20_85,20,85,,,Security entities
En_20_85_15,20,85,15,,Security control buildings
En_20_85_30,20,85,30,,Security fences
En_20_90,20,90,,,Incident support entities
En_20_90_10,20,90,10,,Fire and rescue training buildings
En_20_90_15,20,90,15,,Fire station buildings
En_25,25,,,,"Cultural, educational, scientific and information entities"
En_25_05,25,05,,,Commemoration entities
En_25_05_35,25,05,35,,Gardens of remembrance
En_25_05_50,25,05,50,,Memorials
En_25_05_55,25,05,55,,Monuments
En_25_10,25,10,,,Educational entities
En_25_10_10,25,10,10,,Preschool educational buildings
En_25_10_20,25,10,20,,Infant educational buildings
En_25_10_30,25,10,30,,Primary educational buildings
En_25_10_40,25,10,40,,Secondary educational buildings
En_25_10_50,25,10,50,,Pre-tertiary educational buildings
En_25_10_60,25,10,60,,Tertiary educational buildings
En_25_10_70,25,10,70,,Adult educational buildings
En_25_30,25,30,,,Scientific and laboratory entities
En_25_30_40,25,30,40,,Laboratory buildings
En_25_30_50,25,30,50,,Meteorological stations
En_25_30_60,25,30,60,,Observatory buildings
En_25_30_66,25,30,66,,Observatory antennas
En_25_30_70,25,30,70,,Research buildings
En_25_30_77,25,30,77,,Seed banks
En_25_30_90,25,30,90,,Triangulation pillars
En_25_50,25,50,,,Exhibition entities
En_25_50_02,25,50,02,,Art exhibition buildings
En_25_50_04,25,50,04,,Art installations
En_25_50_15,25,50,15,,Collection exhibition buildings
En_25_50_29,25,50,29,,Fauna exhibition buildings
En_25_50_30,25,50,30,,Fauna exhibition grounds
En_25_50_31,25,50,31,,Flora exhibition buildings
En_25_50_32,25,50,32,,Flora exhibition grounds
En_25_50_54,25,50,54,,Multipurpose exhibition buildings
En_25_70,25,70,,,Information entities
En_25_70_02,25,70,02,,Archive buildings
En_25_70_13,25,70,13,,Conference buildings
En_25_70_42,25,70,42,,Information kiosks
En_25_70_47,25,70,47,,Library buildings
En_25_90,25,90,,,Worship entities
En_25_90_30,25,90,30,,Faith worship buildings
En_30,30,,,,Industrial entities
En_30_10,30,10,,,Mineral extraction entities
En_30_10_57,30,10,57,,Offshore oil and gas extraction platforms
En_30_10_80,30,10,80,,Spoil heaps
En_30_10_85,30,10,85,,Surface mining structures
En_30_10_86,30,10,86,,Surface mining cuttings
En_30_10_90,30,10,90,,Underground mining structures
En_30_20,30,20,,,Nuclear and chemical management entities
En_30_20_15,30,20,15,,Radioactivity waste management control buildings
En_30_20_30,30,20,30,,High heat generating radioactive waste management tunnel
En_30_20_35,30,20,35,,High heat radioactive waste package transfer buildings
En_30_20_45,30,20,45,,Low heat radioactive waste package transfer buildings
En_30_20_60,30,20,60,,Low heat generating radioactive waste management vault
En_30_20_70,30,20,70,,Radioactivity decontamination buildings
En_30_20_75,30,20,75,,Radioactivity effluent management buildings
En_30_30,30,30,,,Mineral processing entities
En_30_30_33,30,30,33,,Gas processing structures
En_30_30_58,30,30,58,,Oil processing structures
En_30_30_59,30,30,59,,Ore processing structures
En_30_40,30,40,,,Animal and plant products processing entities
En_30_40_01,30,40,01,,Animal processing buildings
En_30_40_20,30,40,20,,Crop processing buildings
En_30_40_30,30,40,30,,Fish processing buildings
En_30_40_40,30,40,40,,Horticultural processing buildings
En_30_40_90,30,40,90,,Timber processing buildings
En_30_50,30,50,,,Manufacturing entities
En_30_50_15,30,50,15,,Cranes
En_30_50_50,30,50,50,,Manufacturing buildings
En_30_60,30,60,,,Cleaning and maintenance entities
En_30_60_20,30,60,20,,Decontamination laundry buildings
En_30_60_40,30,60,40,,Laundry buildings
En_30_60_50,30,60,50,,Maintenance buildings
En_30_60_94,30,60,94,,Vehicle cleaning buildings
En_30_70,30,70,,,Process entities
En_30_70_13,30,70,13,,Chimney stacks
En_30_70_15,30,70,15,,Conveyors
En_30_70_17,30,70,17,,Cooling towers
En_30_70_28,30,70,28,,Equipment gantries
En_30_80,30,80,,,Mechanical power generation
En_30_80_96,30,80,96,,Watermills
En_30_80_97,30,80,97,,Windmills
En_30_85,30,85,,,Marine and water entities
En_30_85_07,30,85,07,,Boathouse buildings
En_30_85_08,30,85,08,,Boatyard buildings
En_30_85_24,30,85,24,,Dry docks
En_30_85_80,30,85,80,,Shipyard buildings
En_30_90,30,90,,,Warehousing and distribution entities
En_30_90_33,30,90,33,,Goods warehousing buildings
En_30_90_35,30,90,35,,Goods distribution buildings
En_32,32,,,,Water and land management entities
En_32_10,32,10,,,Agricultural and horticultural entities
En_32_10_02,32,10,02,,Arable buildings
En_32_10_04,32,10,04,,Arable land
En_32_10_20,32,10,20,,Coppices
En_32_10_28,32,10,28,,Fishing buildings
En_32_10_29,32,10,29,,Fishing cages
En_32_10_30,32,10,30,,Forestry buildings
En_32_10_31,32,10,31,,Forestry plantations
En_32_10_37,32,10,37,,Hedges
En_32_10_39,32,10,39,,Horticultural buildings
En_32_10_40,32,10,40,,Horticultural land
En_32_10_46,32,10,46,,Livestock buildings
En_32_10_47,32,10,47,,Livestock paddocks and fields
En_32_10_93,32,10,93,,Vineyard and winery buildings
En_32_10_94,32,10,94,,Vineyard plantations
En_32_35,32,35,,,Grounds
En_32_35_05,32,35,05,,Arboretums
En_32_35_15,32,35,15,,Community gardens
En_32_35_33,32,35,33,,Gardens
En_32_35_36,32,35,36,,Hard landscapes
En_32_35_80,32,35,80,,Soft landscapes
En_32_40,32,40,,,Land managed entities
En_32_40_20,32,40,20,,Cuttings
En_32_40_26,32,40,26,,Embankments
En_32_40_30,32,40,30,,False cuttings
En_32_40_90,32,40,90,,Trenches
En_32_50,32,50,,,Marine and water side entities
En_32_50_20,32,50,20,,Degaussing and acoustic ranges
En_32_50_22,32,50,22,,Dock buildings
En_32_50_44,32,50,44,,Jetties
En_32_50_46,32,50,46,,Landing stages
En_32_50_58,32,50,58,,Offshore anchorages
En_32_50_63,32,50,63,,Piers
En_32_50_69,32,50,69,,Quays
En_32_50_98,32,50,98,,Wharfs
En_32_60,32,60,,,Pollution control entities
En_32_60_60,32,60,60,,Permeable reactive barriers
En_32_85,32,85,,,Water control and retaining entities
En_32_85_06,32,85,06,,Barrier beaches
En_32_85_10,32,85,10,,Breakwaters
En_32_85_15,32,85,15,,Control gates
En_32_85_21,32,85,21,,Dams
En_32_85_23,32,85,23,,Debris screens
En_32_85_24,32,85,24,,Dolphins
En_32_85_25,32,85,25,,Draw-off towers
En_32_85_30,32,85,30,,Flood prevention structures
En_32_85_31,32,85,31,,Flumes
En_32_85_35,32,85,35,,Groynes
En_32_85_37,32,85,37,,High ground
En_32_85_45,32,85,45,,Levees
En_32_85_59,32,85,59,,Outfalls
En_32_85_72,32,85,72,,Revetments
En_32_85_77,32,85,77,,Sea dikes
En_32_85_80,32,85,80,,Sluices
En_32_85_82,32,85,82,,Spillways
En_32_85_84,32,85,84,,Stilling basins
En_32_85_96,32,85,96,,Water retaining structures
En_32_85_97,32,85,97,,Weirs
En_32_85_98,32,85,98,,Wells
En_32_95,32,95,,,Waterways
En_32_95_14,32,95,14,,Channels
En_32_95_16,32,95,16,,Complex culverts
En_32_95_23,32,95,23,,Ditches
En_32_95_59,32,95,59,,Open channels
En_32_95_80,32,95,80,,Simple culverts
En_32_95_85,32,95,85,,Surface water channels
En_32_95_86,32,95,86,,Swales
En_35,35,,,,"Medical, health, welfare and sanitary entities"
En_35_10,35,10,,,Medical entities
En_35_10_10,35,10,10,,Medical buildings
En_35_50,35,50,,,Welfare entities
En_35_50_21,35,50,21,,Day welfare buildings
En_35_50_70,35,50,70,,Residential welfare buildings
En_35_50_94,35,50,94,,Visitor welfare buildings
En_35_70,35,70,,,Funerary entities
En_35_70_06,35,70,06,,Body storage buildings
En_35_70_10,35,70,10,,Burial buildings
En_35_70_11,35,70,11,,Burial grounds
En_35_70_30,35,70,30,,Funeral buildings
En_35_70_60,35,70,60,,Medical chimney stacks
En_35_80,35,80,,,Sanitary entities
En_35_80_10,35,80,10,,Bathing buildings
En_35_80_90,35,80,90,,Toilet buildings
En_35_85,35,85,,,Animal entities
En_35_85_02,35,85,02,,Animal cage buildings
En_35_85_03,35,85,03,,Animal pen buildings
En_35_85_84,35,85,84,,Stable buildings
En_35_90,35,90,,,"Animal medical, health, welfare and funerary entities"
En_35_90_10,35,90,10,,Animal cemeteries
En_35_90_30,35,90,30,,Animal funerary buildings
En_35_90_50,35,90,50,,Animal medical buildings
En_40,40,,,,Recreational entities
En_40_05,40,05,,,Amusement entities
En_40_05_03,40,05,03,,Amusement buildings
En_40_05_13,40,05,13,,Casinos
En_40_05_42,40,05,42,,Indoor fairgrounds
En_40_05_60,40,05,60,,Outdoor fairgrounds
En_40_05_68,40,05,68,,Public amenities
En_40_20,40,20,,,Dining entities
En_40_20_23,40,20,23,,Dining buildings
En_40_35,40,35,,,Historic entities
En_40_35_10,40,35,10,,Buildings of historic interest
En_40_35_36,40,35,36,,Historic buildings
En_40_60,40,60,,,Performing arts entities
En_40_60_10,40,60,10,,Multiple performing arts buildings
En_40_60_70,40,60,70,,Single performing arts buildings
En_40_75,40,75,,,Social recreation entities
En_40_75_10,40,75,10,,Multiple social recreation buildings
En_40_75_15,40,75,15,,Club houses
En_40_75_70,40,75,70,,Single social recreation buildings
En_40_75_94,40,75,94,,Visitor centres
En_42,42,,,,Sport and activity entities
En_42_15,42,15,,,"Courts, pitches and field sports entities"
En_42_15_06,42,15,06,,Ball courts
En_42_15_81,42,15,81,,Sports grounds
En_42_15_82,42,15,82,,Sports pitches
En_42_40,42,40,,,Indoor activity entities
En_42_40_80,42,40,80,,Sports buildings
En_42_55,42,55,,,Outdoor activity entities
En_42_55_01,42,55,01,,Activity grounds
En_42_55_34,42,55,34,,Golf driving ranges
En_42_85,42,85,,,Swimming entities
En_42_85_60,42,85,60,,Outdoor swimming pools
En_42_85_83,42,85,83,,Swimming pool buildings
En_42_90,42,90,,,Water activity entities
En_42_95,42,95,,,Winter sports entities
En_42_95_40,42,95,40,,Ice rink buildings
En_42_95_80,42,95,80,,Ski resort buildings
En_45,45,,,,Residential entities
En_45_10,45,10,,,Residential buildings
En_45_10_39,45,10,39,,Houses
En_45_10_47,45,10,47,,Long-term residential buildings
En_45_10_70,45,10,70,,Short-term residential buildings
En_45_10_90,45,10,90,,Temporary residential buildings
En_50,50,,,,Waste disposal entities
En_50_10,50,10,,,Gas waste collection entities
En_50_20,50,20,,,Wet waste collection entities
En_50_20_10,50,20,10,,Wet waste collection tanks
En_50_30,50,30,,,Drainage and wastewater collection
En_50_30_25,50,30,25,,Drainage collection pipelines
En_50_30_85,50,30,85,,Surface water collection pipelines
En_50_30_98,50,30,98,,Wastewater collection pipelines
En_50_30_99,50,30,99,,Wastewater collection structures
En_50_40,50,40,,,Dry waste collection and distribution
En_50_40_10,50,40,10,,Dry waste collection structures
En_50_40_50,50,40,50,,Dry waste distribution structures
En_50_50,50,50,,,"Gas waste storage, treatment and disposal"
En_50_60,50,60,,,"Wet waste storage, treatment and disposal"
En_50_70,50,70,,,"Drainage storage, treatment and disposal"
En_50_75,50,75,,,"Wastewater storage, treatment and disposal"
En_50_75_15,50,75,15,,Wastewater entities
En_50_75_40,50,75,40,,Wastewater treatment buildings
En_50_75_45,50,75,45,,Wastewater treatment entities
En_50_75_70,50,75,70,,Wastewater disposal buildings
En_50_80,50,80,,,Dry waste treatment and disposal
En_50_80_40,50,80,40,,Dry waste treatment structures
En_50_80_70,50,80,70,,Dry waste disposal structures
En_55,55,,,,Piped supply entities
En_55_05,55,05,,,"Gas extraction, treatment and storage"
En_55_05_30,55,05,30,,Gas extraction structures
En_55_05_35,55,05,35,,Gas extraction vessels
En_55_05_38,55,05,38,,Gas extraction pipelines
En_55_05_70,55,05,70,,Gas treatment buildings
En_55_05_75,55,05,75,,Gas treatment plant
En_55_05_78,55,05,78,,Gas treatment pipelines
En_55_10,55,10,,,Liquid fuel extraction and treatment entities
En_55_10_10,55,10,10,,Oil extraction structures
En_55_10_50,55,10,50,,Fuel treatment buildings
En_55_10_55,55,10,55,,Fuel treatment tanks
En_55_10_58,55,10,58,,Fuel treatment pipelines
En_55_15,55,15,,,Water extraction and treatment entities
En_55_15_10,55,15,10,,Water extraction buildings
En_55_15_15,55,15,15,,Water extraction tanks
En_55_15_20,55,15,20,,Water extraction pipelines
En_55_15_50,55,15,50,,Water treatment buildings
En_55_15_55,55,15,55,,Water treatment tanks
En_55_20,55,20,,,Gas supply entities
En_55_20_50,55,20,50,,Gas distribution structures
En_55_20_60,55,20,60,,Gas distribution pipelines
En_55_30,55,30,,,Fire extinguishing supply entities
En_55_40,55,40,,,Steam supply entities
En_55_50,55,50,,,Liquid fuel supply entities
En_55_50_20,55,50,20,,Fuel distribution pipelines
En_55_50_45,55,50,45,,Liquid fuel distribution buildings
En_55_60,55,60,,,Process liquid supply entities
En_55_70,55,70,,,Water supply entities
En_55_70_10,55,70,10,,Water distribution buildings
En_55_70_18,55,70,18,,Water distribution pipelines
En_55_90,55,90,,,Piped solids supply entities
En_60,60,,,,"Heating, cooling and refrigeration entities"
En_60_30,60,30,,,Rail and paving heating entities
En_60_40,60,40,,,Space heating and cooling entities
En_60_40_10,60,40,10,,District heating buildings
En_60_40_20,60,40,20,,District heating pipelines
En_60_40_50,60,40,50,,District cooling buildings
En_60_40_60,60,40,60,,District cooling pipelines
En_60_60,60,60,,,Refrigeration entities
En_60_80,60,80,,,Drying entities
En_65,65,,,,Ventilation and air conditioning entities
En_65_40,65,40,,,Ventilation entities
En_65_40_80,65,40,80,,Shaft and tunnel ventilation plant building
En_65_80,65,80,,,Air conditioning entities
En_70,70,,,,Electrical power generation and distribution entities
En_70_10,70,10,,,Electrical power generation entities
En_70_10_10,70,10,10,,Electrical power generation buildings
En_70_10_80,70,10,80,,Solar panel fields
En_70_10_90,70,10,90,,Wind turbines
En_70_30,70,30,,,Electricity distribution and transmission entities
En_70_30_18,70,30,18,,Electricity transmission pylons and lines
En_70_30_35,70,30,35,,High-voltage electricity substations
En_70_30_45,70,30,45,,Low-voltage electricity substations
En_70_30_90,70,30,90,,Underground electricity transmission lines
En_75,75,,,,"Communications, security, safety and protection entities"
En_75_10,75,10,,,Communication entities
En_75_10_10,75,10,10,,Broadcast communications buildings
En_75_10_16,75,10,16,,Broadcast communications masts and towers
En_75_10_20,75,10,20,,Data centres
En_75_30,75,30,,,Signalling entities
En_75_30_10,75,30,10,,Peer-to-peer communications buildings
En_75_30_18,75,30,18,,Peer-to-peer communications networks
En_75_30_78,75,30,78,,Signalling control centres
En_75_40,75,40,,,Security systems entities
En_75_50,75,50,,,Safety and protection entities
En_75_60,75,60,,,Environmental safety entities
En_75_70,75,70,,,Control and management entities
En_75_70_60,75,70,60,,Operational control centres
En_75_80,75,80,,,Protection entities
En_80,80,,,,Transport entities
En_80_05,80,05,,,Aerospace entities
En_80_05_01,80,05,01,,Air traffic control towers
En_80_05_02,80,05,02,,Aircraft hangars
En_80_05_60,80,05,60,,Passenger terminal buildings
En_80_20,80,20,,,Cable transport entities
En_80_20_11,80,20,11,,Cable car entities
En_80_20_12,80,20,12,,Cable car stations
En_80_20_86,80,20,86,,Suspended cableways
En_80_35,80,35,,,Road entities
En_80_35_01,80,35,01,,Access roads
En_80_35_05,80,35,05,,Bus lanes
En_80_35_07,80,35,07,,Bus maintenance depots
En_80_35_09,80,35,09,,Bus and coach stations
En_80_35_34,80,35,34,,Guided bus lanes
En_80_35_35,80,35,35,,Highway maintenance depots
En_80_35_38,80,35,38,,Highway service stations
En_80_35_56,80,35,56,,Motorways
En_80_35_67,80,35,67,,Private roads
En_80_35_74,80,35,74,,Roads
En_80_35_77,80,35,77,,Service area buildings
En_80_35_88,80,35,88,,Tollgates
En_80_35_89,80,35,89,,Tracks
En_80_35_90,80,35,90,,Truck maintenance depots
En_80_40,80,40,,,Pathways
En_80_40_08,80,40,08,,Bridleways
En_80_40_10,80,40,10,,Byways
En_80_40_20,80,40,20,,Cycle pathways
En_80_40_30,80,40,30,,Footpaths
En_80_40_37,80,40,37,,Hiking paths
En_80_40_66,80,40,66,,Promenades
En_80_40_70,80,40,70,,Rambler ways
En_80_40_90,80,40,90,,Trails
En_80_45,80,45,,,Vehicle storage entities
En_80_45_08,80,45,08,,Bus parks
En_80_45_11,80,45,11,,Car garaging entities
En_80_45_17,80,45,17,,Coach parks
En_80_45_55,80,45,55,,Multistorey vehicle parks
En_80_45_85,80,45,85,,Surface vehicle parks
En_80_45_89,80,45,89,,Truck parks
En_80_45_92,80,45,92,,Underground vehicle parks
En_80_50,80,50,,,Railway entities
En_80_50_53,80,50,53,,Monorail entities
En_80_50_58,80,50,58,,Platforms
En_80_50_60,80,50,60,,Rack rail maintenance buildings
En_80_50_62,80,50,62,,Rack railways track entities
En_80_50_64,80,50,64,,Rail distribution depots
En_80_50_68,80,50,68,,Rail marshalling entities
En_80_50_71,80,50,71,,Railway corridors
En_80_50_74,80,50,74,,Railway stations
En_80_50_76,80,50,76,,Railway sidings
En_80_50_78,80,50,78,,Rolling stock depots
En_80_50_83,80,50,83,,Station buildings
En_80_50_86,80,50,86,,Track maintenance depots
En_80_50_87,80,50,87,,Trackside circuit breaker equipment buildings
En_80_50_88,80,50,88,,Train maintenance depots
En_80_50_90,80,50,90,,Tramways
En_80_50_94,80,50,94,,Underground railway stations
En_80_50_95,80,50,95,,Wagon decontamination buildings
En_80_50_97,80,50,97,,Wagon maintenance buildings
En_80_70,80,70,,,Marine and waterways transport entities
En_80_70_06,80,70,06,,Barge loading terminals
En_80_70_11,80,70,11,,Canal channels
En_80_70_15,80,70,15,,Canal locks
En_80_70_46,80,70,46,,Lake passenger terminals
En_80_70_50,80,70,50,,Marinas
En_80_70_71,80,70,71,,River passenger terminals
En_80_90,80,90,,,Transport hub entities
En_80_90_30,80,90,30,,Freight depots
En_80_90_66,80,90,66,,Rail freight entities
En_80_90_73,80,90,73,,Road freight depots
En_80_90_90,80,90,90,,Transport interchanges
En_80_94,80,94,,,Bridges
En_80_94_30,80,94,30,,Fixed bridges
En_80_94_50,80,94,50,,Moveable bridges
En_80_96,80,96,,,Tunnels and shafts
En_80_96_20,80,96,20,,Drift tunnels
En_80_96_46,80,96,46,,Lined drift tunnels
En_80_96_49,80,96,49,,Lined tunnels
En_80_96_80,80,96,80,,Shafts
En_80_96_90,80,96,90,,Tunnels
En_80_96_91,80,96,91,,Tunnel portals
En_80_96_92,80,96,92,,Underpasses
En_90,90,,,,Circulation and storage entities
En_90_10,90,10,,,Circulation entities
En_90_10_02,90,10,02,,Access stairways and walkways
En_90_10_62,90,10,62,,Pedestrianized areas
En_90_10_77,90,10,77,,External service areas
En_90_50,90,50,,,Storage entities
En_90_50_02,90,50,02,,Agricultural storage buildings
En_90_50_03,90,50,03,,Agricultural storage silos
En_90_50_10,90,50,10,,Dry waste storage structures
En_90_50_11,90,50,11,,Dry waste storage yards
En_90_50_28,90,50,28,,Explosives stores
En_90_50_50,90,50,50,,Manufacturing tanks and silos
En_90_50_53,90,50,53,,Mineral storage silos
En_90_50_55,90,50,55,,Motor vehicle storage entities
En_90_50_58,90,50,58,,Oil and gas storage tanks
En_90_50_68,90,50,68,,Refrigerated container storage entities
En_90_50_70,90,50,70,,Storage buildings
En_90_50_96,90,50,96,,Wastewater storage structures
En_90_90,90,90,,,Plant and control entities
En_90_90_09,90,90,09,,Buried services routes
En_90_90_11,90,90,11,,Cable routes
En_90_90_33,90,90,33,,Gauge houses
En_90_90_35,90,90,35,,Gauging station buildings
En_90_90_50,90,90,50,,Mechanical services buildings
En_90_90_64,90,90,64,,Plant and equipment buildings
En_90_90_68,90,90,68,,Pump houses
