Code,Group,Sub group,Section,Object,Title
TE_10,10,,,,Formwork
TE_10_10,10,10,,,Wall and floor formwork systems
TE_10_10_20,10,10,20,,Face contact material
TE_10_10_20_07,10,10,20,07,Beam boxes
TE_10_10_20_24,10,10,20,24,Draw forms
TE_10_10_20_30,10,10,20,30,Formwork lining
TE_10_10_20_31,10,10,20,31,Formwork panels
TE_10_10_20_46,10,10,20,46,Lap plates
TE_10_10_20_85,10,10,20,85,Stop end forms
TE_10_10_20_97,10,10,20,97,Wrecking strips
TE_10_10_50,10,10,50,,Structural members
TE_10_10_50_85,10,10,50,85,Strongbacks
TE_10_10_50_96,10,10,50,96,Walers
TE_10_10_70,10,10,70,,Box-outs
TE_10_10_70_16,10,10,70,16,Core forms
TE_10_10_70_23,10,10,70,23,Door formers
TE_10_10_70_94,10,10,70,94,Void forms
TE_10_10_70_96,10,10,70,96,Window formers
TE_10_40,10,40,,,"Form laying equipment, sheets and accessories"
TE_10_40_20,10,40,20,,Clamps
TE_10_40_20_07,10,40,20,07,Beam shutter clamps
TE_10_40_20_16,10,40,20,16,Column shutter clamps
TE_10_40_20_60,10,40,20,60,Panel clamps
TE_10_40_20_96,10,40,20,96,Wall shutter clamps
TE_10_40_30,10,40,30,,Formwork ties
TE_10_40_30_16,10,40,30,16,Coil ties
TE_10_40_30_36,10,40,30,36,Hanger ties
TE_10_40_30_64,10,40,30,64,Pigtail ties
TE_10_40_30_80,10,40,30,80,Snap ties
TE_10_40_30_87,10,40,30,87,Taper ties
TE_10_40_30_89,10,40,30,89,Tie sleeves
TE_10_40_30_90,10,40,30,90,Through ties
TE_10_40_30_96,10,40,30,96,Water bar ties
TE_10_40_55,10,40,55,,Formwork
TE_10_40_55_72,10,40,55,72,Road forms
TE_10_40_55_77,10,40,55,77,Sheeting
TE_10_40_55_79,10,40,55,79,Shutters
TE_10_40_55_96,10,40,55,96,Wrot
TE_10_40_75,10,40,75,,Formwork supports
TE_10_40_75_87,10,40,75,87,Telescopic floor centres
TE_10_40_75_89,10,40,75,89,Telescopic props
TE_10_40_85,10,40,85,,Formwork accessories
TE_10_40_85_01,10,40,85,01,Access doors
TE_10_40_85_03,10,40,85,03,Access traps
TE_10_40_85_45,10,40,85,45,Keys
TE_10_40_85_96,10,40,85,96,Formwork wedges
TE_20,20,,,,"Scaffolding, access, shoring and screening"
TE_20_10,20,10,,,Complete scaffolding
TE_20_10_10,20,10,10,,Access towers and platforms
TE_20_10_10_46,20,10,10,46,Ladder towers
TE_20_10_10_52,20,10,10,52,Mobile working towers
TE_20_10_10_54,20,10,10,54,Mobile elevating work platform
TE_20_10_10_85,20,10,10,85,Stair towers
TE_20_10_10_86,20,10,10,86,Suspended work platforms
TE_20_10_50,20,10,50,,Prefabricated scaffold
TE_20_10_50_31,20,10,50,31,Frame scaffold
TE_20_10_50_86,20,10,50,86,System scaffold
TE_20_10_60,20,10,60,,Scaffolding
TE_20_10_60_08,20,10,60,08,Bracket scaffold
TE_20_10_60_11,20,10,60,11,Cantilevered scaffold
TE_20_10_60_29,20,10,60,29,Facade scaffold
TE_20_10_60_31,20,10,60,31,Free-standing scaffold
TE_20_10_60_68,20,10,60,68,Putlog scaffold
TE_20_10_60_85,20,10,60,85,Suspended scaffold
TE_20_10_60_88,20,10,60,88,Timber scaffold
TE_20_10_60_90,20,10,60,90,Trestle scaffold
TE_20_10_60_91,20,10,60,91,Tube and coupler scaffold
TE_20_30,20,30,,,Scaffolding parts
TE_20_30_10,20,30,10,,Access ways
TE_20_30_20,20,30,20,,Cages
TE_20_30_30,20,30,30,,Guardrails
TE_20_30_30_35,20,30,30,35,Guardboards
TE_20_30_30_41,20,30,30,41,Intermediate guardrails
TE_20_30_30_89,20,30,30,89,Toe boards
TE_20_30_40,20,30,40,,Frames and framing members
TE_20_30_40_46,20,30,40,46,Lateral braces
TE_20_30_40_48,20,30,40,48,Longitudinal braces
TE_20_30_40_59,20,30,40,59,Outriggers
TE_20_30_40_64,20,30,40,64,Plan braces
TE_20_30_40_68,20,30,40,68,Putlogs
TE_20_30_40_85,20,30,40,85,Standards
TE_20_30_40_90,20,30,40,90,Transoms
TE_20_30_50,20,30,50,,Scaffold fittings
TE_20_30_50_03,20,30,50,03,Anchorages
TE_20_30_50_06,20,30,50,06,Baseplates
TE_20_30_50_28,20,30,50,28,Expanding spigots
TE_20_30_50_48,20,30,50,48,Loose spigots
TE_20_30_50_60,20,30,50,60,Parallel couplers
TE_20_30_50_68,20,30,50,68,Putlog clips
TE_20_30_50_72,20,30,50,72,Right angle couplers
TE_20_30_50_80,20,30,50,80,Sleeve couplers
TE_20_30_50_86,20,30,50,86,Swivel couplers
TE_20_30_50_88,20,30,50,88,Tie members
TE_20_30_60,20,30,60,,Stabilizers
TE_20_30_60_06,20,30,60,06,Ballast
TE_20_30_70,20,30,70,,Protection screens
TE_20_30_70_78,20,30,70,78,Sheeting
TE_20_30_80,20,30,80,,Work platforms
TE_20_30_80_01,20,30,80,01,Adjustable platforms
TE_20_40,20,40,,,Access equipment
TE_20_40_10,20,40,10,,Ladders and steps
TE_20_40_10_03,20,40,10,03,A-frame ladders
TE_20_40_10_28,20,40,10,28,Extension ladders
TE_20_40_10_38,20,40,10,38,Hop-up steps
TE_20_40_10_64,20,40,10,64,Platform step ladders
TE_20_40_10_66,20,40,10,66,Podium ladders
TE_20_40_10_85,20,40,10,85,Swing-back step ladders
TE_20_40_10_88,20,40,10,88,Telescopic ladders
TE_20_50,20,50,,,"Shoring, planking and strutting"
TE_20_50_65,20,50,65,,Shoring and planking
TE_20_50_65_06,20,50,65,06,Baulk timbers
TE_20_50_65_15,20,50,65,15,Cleats
TE_20_50_65_23,20,50,65,23,Dogs
TE_20_50_65_30,20,50,65,30,Folding wedges
TE_20_50_65_37,20,50,65,37,Horizontal shores
TE_20_50_65_56,20,50,65,56,Needles
TE_20_50_65_65,20,50,65,65,Planking timbers
TE_20_50_65_81,20,50,65,81,Shoring wedges
TE_20_50_65_83,20,50,65,83,Sole plates
TE_20_50_65_85,20,50,65,85,Straining pieces
TE_20_50_65_96,20,50,65,96,Wall plates
TE_20_50_75,20,50,75,,Struts
TE_20_50_75_02,20,50,75,02,Adjustable struts
TE_20_50_75_75,20,50,75,75,Strutting timbers
TE_20_80,20,80,,,Temporary screening structures
TE_20_80_80,20,80,80,,Temporary hoardings
TE_20_80_80_28,20,80,80,28,External temporary hoardings
TE_20_80_80_41,20,80,80,41,Internal temporary hoardings
TE_20_90,20,90,,,Tube straightening equipment
TE_30,30,,,,Lifting appliances and conveyors
TE_30_10,30,10,,,Cranes
TE_30_10_10,30,10,10,,Crane structures
TE_30_10_10_01,30,10,10,01,Aerial cranes
TE_30_10_10_03,30,10,10,03,All-terrain (AT) cranes
TE_30_10_10_18,30,10,10,18,Crawler cranes
TE_30_10_10_30,30,10,10,30,Floating cranes
TE_30_10_10_44,30,10,10,44,Jib cranes
TE_30_10_10_47,30,10,10,47,Level luffing cranes
TE_30_10_10_52,30,10,10,52,Mounted cranes
TE_30_10_10_70,30,10,10,70,Railroad cranes
TE_30_10_10_74,30,10,10,74,Rough terrain (RT) cranes
TE_30_10_10_76,30,10,10,76,Self-erecting cranes
TE_30_10_10_78,30,10,10,78,Sidelift cranes
TE_30_10_10_88,30,10,10,88,Telescopic cranes
TE_30_10_10_89,30,10,10,89,Tower cranes
TE_30_10_10_91,30,10,10,91,Turret cranes
TE_30_10_50,30,10,50,,Crane equipment
TE_30_10_50_15,30,10,50,15,Concrete skips
TE_30_10_50_22,30,10,50,22,Demolition balls
TE_30_10_50_28,30,10,50,28,Excavating crane grabs
TE_30_10_50_71,30,10,50,71,Rehandling crane grabs
TE_30_10_50_74,30,10,50,74,Rubbish crane buckets
TE_30_10_50_88,30,10,50,88,Tipping buckets
TE_30_10_50_89,30,10,50,89,Tower crane track
TE_30_30,30,30,,,"Lifts, hoists and winches"
TE_30_30_10,30,30,10,,Construction lifts
TE_30_30_10_10,30,30,10,10,Lift bottom and landing gates
TE_30_30_10_40,30,30,10,40,Lift cages
TE_30_30_10_50,30,30,10,50,Lifting mechanisms
TE_30_30_10_60,30,30,10,60,Lift platforms
TE_30_30_10_80,30,30,10,80,Lift safety limiters
TE_30_30_40,30,30,40,,Hoists
TE_30_30_40_10,30,30,40,10,Lorry loaders
TE_30_30_40_40,30,30,40,40,Mobile hoists
TE_30_30_40_60,30,30,40,60,Rack and pinion dual-use hoists
TE_30_30_40_70,30,30,40,70,Rack and pinion single-use hoists
TE_30_30_40_80,30,30,40,80,Scaffold hoists
TE_30_30_60,30,30,60,,Lifting platforms
TE_30_30_60_40,30,30,60,40,Portable platforms
TE_30_30_60_50,30,30,60,50,Self-propelled platforms
TE_30_30_60_60,30,30,60,60,Scissor lifts
TE_30_30_60_70,30,30,60,70,Telescopic platforms
TE_30_30_60_80,30,30,60,80,Trailer mounted platforms
TE_30_30_60_90,30,30,60,90,Vehicle mounted platforms
TE_30_30_80,30,30,80,,Lifting trucks
TE_30_30_80_30,30,30,80,30,Lift trucks
TE_30_30_80_50,30,30,80,50,Manual lift trucks
TE_30_30_80_70,30,30,80,70,Portal lift trucks
TE_30_30_90,30,30,90,,Winches
TE_30_30_90_10,30,30,90,10,Double drum friction winches
TE_30_30_90_70,30,30,90,70,Single drum winches
TE_30_50,30,50,,,Conveying equipment
TE_30_50_10,30,50,10,,Conveyors
TE_30_50_10_03,30,50,10,03,Apron conveyors
TE_30_50_10_05,30,50,10,05,Auger conveyors
TE_30_50_10_10,30,50,10,10,Bucket conveyors
TE_30_50_10_15,30,50,10,15,Conveyor belts
TE_30_50_10_29,30,50,10,29,Factory conveyors
TE_30_50_10_47,30,50,10,47,Link conveyors
TE_30_50_10_85,30,50,10,85,Steep incline conveyors
TE_30_50_10_94,30,50,10,94,Vibrators for material conveying
TE_30_50_10_96,30,50,10,96,Weighing conveyors
TE_30_50_20,30,50,20,,Bucket railways
TE_30_70,30,70,,,Lifting and jacking gear
TE_30_70_10,30,70,10,,Pipe winches
TE_30_70_10_33,30,70,10,33,Gantry pipe winches
TE_30_70_10_78,30,70,10,78,Shear legs pipe winches
TE_30_70_40,30,70,40,,Jacks
TE_30_70_40_11,30,70,40,11,Cable drum jacks
TE_30_70_40_39,30,70,40,39,Hydraulic jacks
TE_30_70_40_60,30,70,40,60,Pallet jacks
TE_30_70_40_70,30,70,40,70,Ratchet jacks
TE_30_70_50,30,70,50,,Lifting mechanisms
TE_30_70_50_12,30,70,50,12,Chain blocks
TE_30_70_50_14,30,70,50,14,Lifting chains
TE_30_70_50_45,30,70,50,45,Lifting levers
TE_30_70_50_60,30,70,50,60,Pull lifts
TE_30_70_50_70,30,70,50,70,Lifting ropes
TE_30_70_50_80,30,70,50,80,Slings and brothers
TE_30_70_50_95,30,70,50,95,Lifting wires
TE_40,40,,,,Construction vehicles
TE_40_10,40,10,,,Lorries and trucks
TE_40_10_10,40,10,10,,Dumper trucks
TE_40_10_10_04,40,10,10,04,Articulated dumpers
TE_40_10_10_71,40,10,10,71,Rigid dumpers
TE_40_10_50,40,10,50,,Lorries
TE_40_10_50_04,40,10,50,04,Articulated lorries
TE_40_10_50_30,40,10,50,30,Fixed body lorries
TE_40_10_50_36,40,10,50,36,Haulers
TE_40_10_50_63,40,10,50,63,Pickup trucks
TE_40_10_70,40,10,70,,Tipper lorries
TE_40_10_70_31,40,10,70,31,Front tippers
TE_40_10_70_34,40,10,70,34,Gravity tippers
TE_40_10_70_39,40,10,70,39,Hydraulic tippers
TE_40_10_70_55,40,10,70,55,Multi-bucket tippers
TE_40_10_70_71,40,10,70,71,Rear tippers
TE_40_10_70_73,40,10,70,73,Rolling tippers
TE_40_10_70_78,40,10,70,78,Side tippers
TE_40_10_70_88,40,10,70,88,Three-way tippers
TE_40_30,40,30,,,Tractors and equipment
TE_40_30_10,40,30,10,,Tractors
TE_40_30_10_03,40,30,10,03,Agricultural-type tractors
TE_40_30_10_87,40,30,10,87,Tractors with angle dozer
TE_40_30_10_88,40,30,10,88,Tractors with bull dozer
TE_40_30_10_89,40,30,10,89,Tractors with dozer and ripper attachment
TE_40_30_30,40,30,30,,Tractor equipment
TE_40_30_30_30,40,30,30,30,Four-in-one attachments
TE_40_30_70,40,30,70,,Vehicle superstructures and trailers
TE_40_30_70_37,40,30,70,37,Heavy-duty trailers
TE_40_30_70_47,40,30,70,47,Low loaders
TE_40_30_70_78,40,30,70,78,Semi-trailers
TE_40_30_70_79,40,30,70,79,Silo vehicles
TE_40_30_70_88,40,30,70,88,Tipping trailers
TE_40_30_80,40,30,80,,Vehicle equipment
TE_40_30_80_79,40,30,80,79,Shuttle trains
TE_40_30_80_88,40,30,80,88,Tipper chassis
TE_40_30_80_90,40,30,80,90,Truck chassis for vehicle superstructures
TE_40_30_80_91,40,30,80,91,Turntable skips
TE_40_50,40,50,,,Service vehicles
TE_40_50_50,40,50,50,,Water supply vehicles and equipment
TE_40_50_50_77,40,50,50,77,Self-propelled water tankers
TE_40_50_50_96,40,50,50,96,Water storage tank trailers
TE_40_50_60,40,50,60,,Fuel supply vehicles and equipment
TE_40_50_60_32,40,50,60,32,Fuel storage tank trailers
TE_40_50_60_77,40,50,60,77,Self-propelled fuel tankers
TE_40_70,40,70,,,"Excavators, loaders and dredgers"
TE_40_70_10,40,70,10,,Dozers and graders
TE_40_70_10_03,40,70,10,03,Angling dozers
TE_40_70_10_18,40,70,10,18,Crawler dozers
TE_40_70_10_52,40,70,10,52,Motor graders
TE_40_70_10_73,40,70,10,73,Road graders
TE_40_70_10_85,40,70,10,85,Straight dozers
TE_40_70_10_90,40,70,10,90,Tracked dozers
TE_40_70_10_96,40,70,10,96,Wheeled dozers
TE_40_70_20,40,70,20,,Dredging boats and equipment
TE_40_70_20_04,40,70,20,04,Armoured pumps
TE_40_70_20_09,40,70,20,09,Bucket chain dredgers
TE_40_70_20_10,40,70,20,10,Backhoe dredgers
TE_40_70_20_19,40,70,20,19,Cutter dredgers
TE_40_70_20_34,40,70,20,34,Grab-type dredgers
TE_40_70_20_84,40,70,20,84,Suction dredgers
TE_40_70_30,40,70,30,,Excavators
TE_40_70_30_07,40,70,30,07,Boom-type trenching machines
TE_40_70_30_09,40,70,30,09,Bucket trenchers
TE_40_70_30_10,40,70,30,10,Bucket wheel excavators
TE_40_70_30_11,40,70,30,11,Cable mobile excavators
TE_40_70_30_12,40,70,30,12,Cable track excavators
TE_40_70_30_32,40,70,30,32,Full circle slew excavators
TE_40_70_30_36,40,70,30,36,Highway trenchers
TE_40_70_30_38,40,70,30,38,Hydraulic mobile excavators
TE_40_70_30_39,40,70,30,39,Hydraulic track-laying excavators
TE_40_70_30_52,40,70,30,52,Mini excavators
TE_40_70_30_64,40,70,30,64,Pipe layers
TE_40_70_30_72,40,70,30,72,Rope operated excavators
TE_40_70_30_88,40,70,30,88,Telescopic excavators
TE_40_70_40,40,70,40,,Loaders
TE_40_70_40_07,40,70,40,07,Backhoe loaders
TE_40_70_40_18,40,70,40,18,Crawler loaders
TE_40_70_40_22,40,70,40,22,Digging arm loaders
TE_40_70_40_79,40,70,40,79,Skid steer loaders
TE_40_70_40_90,40,70,40,90,Track-laying loaders
TE_40_70_40_97,40,70,40,97,Wheel loaders
TE_40_70_50,40,70,50,,Scrapers
TE_40_70_50_24,40,70,50,24,Drag scrapers
TE_40_70_50_27,40,70,50,27,Elevating scrapers
TE_40_70_50_30,40,70,50,30,Four-wheeled scrapers
TE_40_70_50_52,40,70,50,52,Motorized scrapers
TE_40_70_50_53,40,70,50,53,Motorized elevating scrapers
TE_40_70_50_90,40,70,50,90,Track-laying scrapers
TE_40_70_90,40,70,90,,"Attachments for excavators, loaders, dozers and scrapers"
TE_40_70_90_06,40,70,90,06,Back actors
TE_40_70_90_24,40,70,90,24,Draglines
TE_40_70_90_28,40,70,90,28,Excavator mats
TE_40_70_90_29,40,70,90,29,Face shovels
TE_40_70_90_37,40,70,90,37,Hinge-type rippers
TE_40_70_90_60,40,70,90,60,Parallelogram-type rippers
TE_40_70_90_63,40,70,90,63,Percussion breakers
TE_40_70_90_90,40,70,90,90,Trenchers
TE_40_70_90_94,40,70,90,94,Variable geometry rippers
TE_50,50,,,,"Tunnelling, drilling and compaction equipment"
TE_50_10,50,10,,,Tunnelling and shaft machines
TE_50_10_10,50,10,10,,Blasting equipment
TE_50_10_10_23,50,10,10,23,Detonators
TE_50_10_10_28,50,10,10,28,Explosives
TE_50_10_20,50,10,20,,Cutting machines
TE_50_10_20_60,50,10,20,60,Partial cutting machines
TE_50_10_20_88,50,10,20,88,Thrust boring equipment
TE_50_10_30,50,10,30,,Drilling vehicles
TE_50_10_40,50,10,40,,Explosives vehicles
TE_50_10_70,50,10,70,,Rough press equipment
TE_50_10_80,50,10,80,,Shields
TE_50_10_80_20,50,10,80,20,Cutter shields
TE_50_10_80_91,50,10,80,91,Tunnel shields
TE_50_20,50,20,,,"Drilling, piling and canal trimming equipment"
TE_50_20_10,50,20,10,,Drilling machines and plant
TE_50_20_10_15,50,20,10,15,Core cutting machines
TE_50_20_10_36,50,20,10,36,Hammer-action drills
TE_50_20_10_63,50,20,10,63,Pile drilling machines
TE_50_20_10_65,50,20,10,65,Post and mast hole drilling machines 
TE_50_20_10_66,50,20,10,66,Pressure drilling machines
TE_50_20_10_80,50,20,10,80,Soil exploration drilling machines
TE_50_20_10_86,50,20,10,86,Suction drilling systems
TE_50_20_10_97,50,20,10,97,Well drilling systems
TE_50_20_20,50,20,20,,Pile drivers and pulling tools
TE_50_20_20_21,50,20,20,21,Diesel hammers
TE_50_20_20_22,50,20,20,22,Double-acting piling hammers
TE_50_20_20_23,50,20,20,23,Drop hammers
TE_50_20_20_28,50,20,20,28,Extractors
TE_50_20_20_42,50,20,20,42,Impulse hammers
TE_50_20_20_43,50,20,20,43,Internal drop hammers
TE_50_20_20_94,50,20,20,94,Vibrating extractors
TE_50_20_20_95,50,20,20,95,Vibrating hammers
TE_50_20_30,50,20,30,,Auger piling plant
TE_50_20_30_15,50,20,30,15,Continuous flight augers
TE_50_20_30_23,50,20,30,23,Displacement augers
TE_50_20_40,50,20,40,,Piling accessories
TE_50_20_40_23,50,20,40,23,Dollies
TE_50_20_40_36,50,20,40,36,Hanging leaders
TE_50_20_40_64,50,20,40,64,Pile helmets
TE_50_20_60,50,20,60,,Canal sheeting equipment
TE_50_20_60_02,50,20,60,02,Adjustable steel trench struts
TE_50_20_60_11,50,20,60,11,Canal sheeting
TE_50_20_60_12,50,20,60,12,Canal shoring
TE_50_20_60_80,50,20,60,80,Sliding-blade sheeting
TE_50_20_60_85,50,20,60,85,Steel trench sheets
TE_50_20_60_90,50,20,60,90,Trench ring lifters
TE_50_20_60_91,50,20,60,91,Trench struts and sheets
TE_50_30,50,30,,,Compaction equipment
TE_50_30_10,50,30,10,,Rollers
TE_50_30_10_15,50,30,10,15,Combination vibration rollers
TE_50_30_10_23,50,30,10,23,Double vibrating rollers
TE_50_30_10_60,50,30,10,60,Pavement rollers
TE_50_30_10_65,50,30,10,65,Pneumatic tyre rollers
TE_50_30_10_72,50,30,10,72,Roller trains
TE_50_30_10_77,50,30,10,77,Sheepsfoot rollers
TE_50_30_10_79,50,30,10,79,Single rollers
TE_50_30_10_85,50,30,10,85,Static three-wheeled and tandem rollers
TE_50_30_10_87,50,30,10,87,Tandem vibrating rollers
TE_50_30_10_89,50,30,10,89,Trailer vibration rollers
TE_50_30_10_91,50,30,10,91,Twin rollers with seat and steering wheel
TE_50_30_40,50,30,40,,Rammers
TE_50_30_40_44,50,30,40,44,Jumping rammers
TE_50_30_40_94,50,30,40,94,Vibration rammers
TE_50_30_60,50,30,60,,Soil compactors
TE_50_30_60_77,50,30,60,77,Sheepsfoot compactors
TE_50_40,50,40,,,Road construction equipment
TE_50_40_10,50,40,10,,Soil stabilization machines
TE_50_40_20,50,40,20,,Concrete road finishers and spreaders
TE_50_40_30,50,40,30,,"Asphalt, mastic and tar preparation equipment"
TE_50_40_30_04,50,40,30,04,Asphalt road finishers
TE_50_40_30_37,50,40,30,37,Heatable bitumen storage tanks
TE_50_40_30_50,50,40,30,50,Mastic finishers
TE_50_40_30_87,50,40,30,87,Tar and mastic heaters
TE_50_40_30_88,50,40,30,88,Tar sprayers
TE_50_40_40,50,40,40,,Spreaders
TE_50_40_40_04,50,40,40,04,Asphalt spreaders
TE_50_40_40_15,50,40,40,15,Coated asphalt spreaders
TE_50_40_40_80,50,40,40,80,Spreaders for soil stabilization
TE_50_40_40_85,50,40,40,85,Stone spreaders
TE_50_40_50,50,40,50,,Joint cutters
TE_50_40_50_44,50,40,50,44,Joint formers
TE_50_40_50_45,50,40,50,45,Joint matchers
TE_50_40_60,50,40,60,,Road milling cutters
TE_50_40_70,50,40,70,,Road drying equipment
TE_50_40_70_33,50,40,70,33,Gas infrared road-drying equipment
TE_50_40_80,50,40,80,,Paving stone laying machines
TE_50_50,50,50,,,"Canal bank grading, compacting, concreting and asphalting machinery, canal bed cleaning machines"
TE_50_60,50,60,,,Track-laying machines
TE_50_70,50,70,,,Machines for road repair and maintenance
TE_50_70_10,50,70,10,,Asphalt pavement equipment
TE_50_70_10_04,50,70,10,04,Asphalt pavement recycling machines
TE_50_70_10_05,50,70,10,05,Asphalt pavement reshapers
TE_50_70_10_15,50,70,10,15,Cold planers
TE_50_70_10_72,50,70,10,72,Road surface rippers
TE_50_70_20,50,70,20,,Joint cleaning and filling machines
TE_50_70_30,50,70,30,,Repair kits
TE_50_70_30_03,50,70,30,03,Asphalt repair kits
TE_50_70_30_65,50,70,30,65,Pothole repair kits
TE_50_70_40,50,70,40,,Stone and sand spreaders
TE_50_70_50,50,70,50,,Road marking machines
TE_50_70_60,50,70,60,,Sweeping machines
TE_50_70_60_72,50,70,60,72,Road sweepers with gully emptiers
TE_50_70_60_77,50,70,60,77,Self-propelled road cleaners
TE_50_70_60_79,50,70,60,79,Self-propelled road sweepers
TE_50_70_70,50,70,70,,Slope mowing machines
TE_50_70_80,50,70,80,,Scarifiers
TE_60,60,,,,Concrete and stone production
TE_60_10,60,10,,,Complete plant
TE_60_10_10,60,10,10,,"Complete plant for the cement, lime, gypsum, trass and chalk industry"
TE_60_10_50,60,10,50,,"Complete plant for the sand, clay, gravel and broken stone industry"
TE_60_20,60,20,,,"Breakers, crushers and mills"
TE_60_20_15,60,20,15,,Breakers and crushers
TE_60_20_15_08,60,20,15,08,Brick crushers
TE_60_20_15_35,60,20,15,35,Gyratory crushers
TE_60_20_15_36,60,20,15,36,Hammer crushers
TE_60_20_15_42,60,20,15,42,Impact-type crushers
TE_60_20_15_72,60,20,15,72,Roller crushers
TE_60_20_15_84,60,20,15,84,Stone breakers
TE_60_20_80,60,20,80,,Grinding mills
TE_60_20_80_36,60,20,80,36,Hammer mills
TE_60_20_80_42,60,20,80,42,Impact mills
TE_60_20_80_72,60,20,80,72,Roller mills
TE_60_20_80_91,60,20,80,91,Tube mills
TE_60_20_80_94,60,20,80,94,Vibrating grinding mills
TE_60_30,60,30,,,Screening and sorting plant
TE_60_30_80,60,30,80,,Vibrating screens
TE_60_30_80_14,60,30,80,14,Circular vibratory screens
TE_60_30_80_26,60,30,80,26,Eccentric vibratory screens
TE_60_30_80_46,60,30,80,46,Linear vibratory screens
TE_60_40,60,40,,,Cleaning and storage plant
TE_60_40_05,60,40,05,,Aggregate washing machines
TE_60_40_10,60,40,10,,Drying installations for stone and aggregates
TE_60_40_20,60,40,20,,Dust extraction plant
TE_60_40_30,60,40,30,,Recycling plant for construction debris
TE_60_40_40,60,40,40,,Silos
TE_60_40_40_78,60,40,40,78,Silos for aggregates
TE_60_40_40_79,60,40,40,79,Silos for cement
TE_60_40_50,60,40,50,,Stackers and reclaimers
TE_60_60,60,60,,,Concrete plant and equipment
TE_60_60_10,60,60,10,,Concrete and mortar mixers
TE_60_60_10_13,60,60,10,13,Closed drum mixers
TE_60_60_10_15,60,60,10,15,Concrete processing systems
TE_60_60_10_16,60,60,10,16,Concrete processing systems with horizontal aggregate feed
TE_60_60_10_17,60,60,10,17,Concrete processing systems with vertical aggregate feed
TE_60_60_10_36,60,60,10,36,Hand scrapers
TE_60_60_10_51,60,60,10,51,Metering and weighing equipment
TE_60_60_10_58,60,60,10,58,Open drum mixers with hopper
TE_60_60_10_59,60,60,10,59,Open drum mixers without hopper
TE_60_60_10_71,60,60,10,71,"Reversing drum mixers with hopper, weigher and feed shovel"
TE_60_60_10_73,60,60,10,73,Rotary mixers
TE_60_60_10_88,60,60,10,88,Tilting drum mixers
TE_60_60_20,60,60,20,,Concrete and mortar transportation equipment
TE_60_60_20_15,60,60,20,15,Concrete agitators
TE_60_60_20_16,60,60,20,16,Concrete and mortar buckets
TE_60_60_20_17,60,60,20,17,Concrete pumps and equipment
TE_60_60_20_18,60,60,20,18,Concrete truck mixers
TE_60_60_20_47,60,60,20,47,Lorry-mounted concrete pumps with boom
TE_60_60_20_53,60,60,20,53,Mobile mixers
TE_60_60_20_54,60,60,20,54,Mortar pumps
TE_60_60_20_76,60,60,20,76,Screed pumps
TE_60_60_30,60,60,30,,Attachments for concrete and mortar plant
TE_60_60_30_02,60,60,30,02,Aggregate feed aprons
TE_60_60_30_65,60,60,30,65,Power-driven loading shovels
TE_60_60_40,60,60,40,,Concrete piping
TE_60_60_40_30,60,60,40,30,Flexible distributor hose
TE_60_60_40_53,60,60,40,53,Mortar/ screed pump hoses
TE_60_60_40_64,60,60,40,64,Pipe cleaning equipment
TE_60_60_40_78,60,60,40,78,Shut-off pipe sections
TE_60_60_50,60,60,50,,Batching plant
TE_60_60_50_01,60,60,50,01,Aerated silos
TE_60_60_50_05,60,60,50,05,Autofeed equipment
TE_60_60_50_06,60,60,50,06,Batch loaders
TE_60_60_50_27,60,60,50,27,Electronic weigh gear
TE_60_60_50_39,60,60,50,39,Hydraulic cement weigh gear
TE_60_60_50_48,60,60,50,48,Loading hoppers with weigh gear and loading shovel
TE_60_60_50_76,60,60,50,76,Screw discharge gear
TE_60_60_60,60,60,60,,Concrete and mortar application equipment
TE_60_60_60_16,60,60,60,16,Concrete guns
TE_60_60_60_17,60,60,60,17,Concrete injectors
TE_60_60_60_19,60,60,60,19,Concrete spreaders
TE_60_60_60_35,60,60,60,35,Gunite equipment
TE_60_60_60_71,60,60,60,71,Rendering machines
TE_60_60_70,60,60,70,,Concrete compaction and finishing equipment
TE_60_60_70_15,60,60,70,15,Concrete curing duvets
TE_60_60_70_28,60,60,70,28,External vibrators
TE_60_60_70_41,60,60,70,41,Immersion vibrators
TE_60_60_70_64,60,60,70,64,Power floats
TE_60_60_70_65,60,60,70,65,Power trowels
TE_60_60_70_76,60,60,70,76,Screed boards
TE_60_60_70_85,60,60,70,85,Surface vibrators
TE_60_60_70_87,60,60,70,87,Tamper vibrators
TE_60_60_80,60,60,80,,Grouting equipment
TE_60_60_80_02,60,60,80,02,Agitating tanks for use with grout pumps
TE_60_60_80_33,60,60,80,33,Grout mixers
TE_60_60_80_34,60,60,80,34,Grouting machines with pump and hopper
TE_60_60_80_35,60,60,80,35,Grout pumps
TE_60_60_80_73,60,60,80,73,Roller-type grout mixers
TE_60_80,60,80,,,Stone quarrying and tooling equipment
TE_60_80_10,60,80,10,,Stone drilling machines
TE_60_80_20,60,80,20,,Stone cleaving machines and equipment
TE_60_80_30,60,80,30,,Stone sawing equipment
TE_60_80_30_20,60,80,30,20,Cutting out saws
TE_60_80_30_71,60,80,30,71,Reciprocating sawing machines
TE_60_80_40,60,80,40,,Abrasive cutting off machines
TE_60_80_50,60,80,50,,Slab cutting machines and equipment
TE_60_80_60,60,80,60,,Milling machines
TE_60_80_70,60,80,70,,Sanding and polishing machines and lines
TE_60_80_80,60,80,80,,Grouting machines for cast stone slabs
TE_70,70,,,,Equipment and tools
TE_70_10,70,10,,,Site accommodation and temporary services
TE_70_10_10,70,10,10,,Site accommodation and fittings
TE_70_10_10_16,70,10,10,16,Containers
TE_70_10_10_51,70,10,10,51,Mess room fittings
TE_70_10_10_53,70,10,10,53,Motor caravans
TE_70_10_10_65,70,10,10,65,Portable toilet units
TE_70_10_10_78,70,10,10,78,Site huts
TE_70_10_10_80,70,10,10,80,Site office fittings
TE_70_10_10_84,70,10,10,84,Static caravans
TE_70_10_10_85,70,10,10,85,Site store fittings
TE_70_10_10_90,70,10,10,90,Toilet vehicles and cabins
TE_70_10_20,70,10,20,,Installations and equipment for winter construction
TE_70_10_20_16,70,10,20,16,Construction drying equipment
TE_70_10_20_80,70,10,20,80,Space heaters
TE_70_10_20_96,70,10,20,96,Watchman's heaters
TE_70_10_20_97,70,10,20,97,Water heaters
TE_70_10_30,70,10,30,,Site lighting equipment
TE_70_10_30_64,70,10,30,64,Portable floodlights
TE_70_10_30_85,70,10,30,85,Storm lamps
TE_70_10_30_96,70,10,30,96,Warning lamps
TE_70_10_30_97,70,10,30,97,Watchman's lamps
TE_70_10_40,70,10,40,,Site electrical equipment
TE_70_10_40_12,70,10,40,12,Cable laying machines and equipment
TE_70_10_40_14,70,10,40,14,Cable stringing rollers
TE_70_10_40_79,70,10,40,79,Site electrical distributors
TE_70_10_50,70,10,50,,Power generating units
TE_70_10_50_50,70,10,50,50,Mobile power generating units
TE_70_10_50_85,70,10,50,85,Stationary power generating units
TE_70_10_60,70,10,60,,Frequency and voltage transformers
TE_70_10_70,70,10,70,,Drainage equipment
TE_70_10_70_24,70,10,70,24,Drainage rods
TE_70_10_70_28,70,10,70,28,Expanding drain stoppers
TE_70_10_80,70,10,80,,Rubbish collection and disposal equipment
TE_70_10_80_74,70,10,80,74,Rubbish chutes
TE_70_10_80_79,70,10,80,79,Skips
TE_70_10_90,70,10,90,,Site ventilation and air conditioning equipment
TE_70_10_90_22,70,10,90,22,Portable dehumidifiers
TE_70_10_90_32,70,10,90,32,Portable fans
TE_70_20,70,20,,,Site equipment
TE_70_20_10,70,20,10,,Welding equipment
TE_70_20_10_22,70,20,10,22,Diesel welding sets
TE_70_20_10_32,70,20,10,32,Fume extract units
TE_70_20_10_37,70,20,10,37,Head screens
TE_70_20_10_59,70,20,10,59,Oxy-acetylene cutting and welding sets
TE_70_20_10_70,70,20,10,70,Rail welding cooling pump units
TE_70_20_10_88,70,20,10,88,Thermic boring equipment
TE_70_20_10_92,70,20,10,92,Underwater welding equipment
TE_70_20_10_96,70,20,10,96,Welding electrodes
TE_70_20_10_97,70,20,10,97,Weld shears
TE_70_20_10_98,70,20,10,98,Welding helmets
TE_70_20_20,70,20,20,,Protective equipment
TE_70_20_20_01,70,20,20,01,Acoustic attenuators
TE_70_20_20_03,70,20,20,03,Acoustic enclosures
TE_70_20_20_05,70,20,20,05,Acoustic quilts
TE_70_20_20_07,70,20,20,07,Acoustic shrouds
TE_70_20_20_10,70,20,20,10,Breathing apparatus
TE_70_20_20_34,70,20,20,34,Goggles
TE_70_20_20_37,70,20,20,37,Hotsticks
TE_70_20_20_62,70,20,20,62,Portable safety barriers
TE_70_20_20_65,70,20,20,65,Protective nets
TE_70_20_25,70,20,25,,Maintenance equipment
TE_70_20_25_34,70,20,25,34,Grease guns
TE_70_20_25_37,70,20,25,37,Hedge trimmers
TE_70_20_25_46,70,20,25,46,Lawnmowers
TE_70_20_25_55,70,20,25,55,Mulching machines
TE_70_20_25_65,70,20,25,65,Pruning shears
TE_70_20_25_85,70,20,25,85,Strimmers
TE_70_20_25_90,70,20,25,90,Tool sharpeners
TE_70_20_25_94,70,20,25,94,Vacuum cleaners
TE_70_20_25_96,70,20,25,96,Wood chippers
TE_70_20_30,70,20,30,,Roadworks equipment
TE_70_20_30_06,70,20,30,06,Barrier trestles
TE_70_20_30_18,70,20,30,18,Crossing plates
TE_70_20_30_21,70,20,30,21,Danger lamps
TE_70_20_30_30,70,20,30,30,Flashing bollards
TE_70_20_30_31,70,20,30,31,Flashing traffic warning lamps
TE_70_20_30_41,70,20,30,41,Illuminated traffic information signs
TE_70_20_30_80,70,20,30,80,Speed deterrents
TE_70_20_30_87,70,20,30,87,Traffic control lamps
TE_70_20_30_88,70,20,30,88,Traffic control signs
TE_70_20_30_89,70,20,30,89,Traffic information signs
TE_70_20_30_90,70,20,30,90,Traffic lights
TE_70_20_30_91,70,20,30,91,Traffic warning signs
TE_70_20_35,70,20,35,,Rail track equipment
TE_70_20_35_70,70,20,35,70,Rail tensor kits
TE_70_20_35_79,70,20,35,79,Spike drivers
TE_70_20_35_80,70,20,35,80,Spike pullers
TE_70_20_35_90,70,20,35,90,Temporary track support
TE_70_20_40,70,20,40,,Damp-proof course equipment
TE_70_20_40_11,70,20,40,11,Caulking gun
TE_70_20_40_27,70,20,40,27,Electro-osmosis equipment
TE_70_20_40_34,70,20,40,34,Gravity feed equipment
TE_70_20_40_37,70,20,40,37,High-pressure injection equipment
TE_70_20_40_48,70,20,40,48,Low-pressure injection equipment
TE_70_20_50,70,20,50,,Cleaning and surface preparation equipment
TE_70_20_50_08,70,20,50,08,Blasting machines and equipment
TE_70_20_50_37,70,20,50,37,High-pressure and steam jet cleaners
TE_70_20_50_48,70,20,50,48,Low-pressure cleaning machines
TE_70_20_50_56,70,20,50,56,Needle scalers
TE_70_20_50_92,70,20,50,92,Underwater cleaning equipment
TE_70_20_60,70,20,60,,Compressors
TE_70_20_60_47,70,20,60,47,Lorry-mounted compressors
TE_70_20_60_90,70,20,60,90,Tractor-mounted compressors
TE_70_20_70,70,20,70,,Compressed air machines and equipment
TE_70_20_70_02,70,20,70,02,Air hoses
TE_70_20_70_15,70,20,70,15,Compressed air receivers
TE_70_20_70_55,70,20,70,55,Mufflers
TE_70_20_70_89,70,20,70,89,Tool silencers
TE_70_20_80,70,20,80,,Steel reinforcement cutting and bending plant and equipment
TE_70_20_80_06,70,20,80,06,Bar bending machines
TE_70_20_80_07,70,20,80,07,Bar cropper machines
TE_70_20_80_08,70,20,80,08,Bar shearing machines
TE_70_20_85,70,20,85,,Pipe installation and maintenance equipment
TE_70_20_85_40,70,20,85,40,Hydraulic pipe pushers
TE_70_20_85_62,70,20,85,62,Pipe benders
TE_70_20_85_63,70,20,85,63,Pipe cutters
TE_70_20_85_66,70,20,85,66,Pipe threading equipment
TE_70_20_90,70,20,90,,Ancillary equipment
TE_70_20_90_10,70,20,90,10,Buckets
TE_70_20_90_22,70,20,90,22,Dehumidifiers
TE_70_20_90_48,70,20,90,48,Loading rails
TE_70_20_90_87,70,20,90,87,Tarpaulins
TE_70_40,70,40,,,Surveying and measuring equipment
TE_70_40_10,70,40,10,,Levels
TE_70_40_10_05,70,40,10,05,Auto levels
TE_70_40_10_25,70,40,10,25,Dumpy levels
TE_70_40_10_27,70,40,10,27,Engineers' precise auto levels
TE_70_40_10_47,70,40,10,47,Levelling staffs
TE_70_40_10_65,70,40,10,65,Prism sets
TE_70_40_10_80,70,40,10,80,Spirit levels
TE_70_40_10_88,70,40,10,88,Tilting levels
TE_70_40_10_89,70,40,10,89,Theodolites
TE_70_40_10_96,70,40,10,96,Water levels
TE_70_40_50,70,40,50,,Measuring equipment
TE_70_40_50_06,70,40,50,06,Binoculars
TE_70_40_50_08,70,40,50,08,Boning rods
TE_70_40_50_22,70,40,50,22,Distance meters
TE_70_40_50_31,70,40,50,31,Folding rules
TE_70_40_50_37,70,40,50,37,Height sticks
TE_70_40_50_46,70,40,50,46,Laser aligners
TE_70_40_50_51,70,40,50,51,Measuring rods
TE_70_40_50_52,70,40,50,52,Measuring tapes
TE_70_40_50_53,70,40,50,53,Measuring wheels
TE_70_40_50_54,70,40,50,54,Micrometers
TE_70_40_50_64,70,40,50,64,Plumb lines
TE_70_40_50_66,70,40,50,66,Profile boards
TE_70_40_50_79,70,40,50,79,Sight rails
TE_70_40_50_82,70,40,50,82,Sound level meters
TE_70_40_50_87,70,40,50,87,Tachometers
TE_70_40_50_94,70,40,50,94,Verniers
TE_70_40_70,70,40,70,,Surveying equipment
TE_70_40_70_13,70,40,70,13,Centring rods
TE_70_40_70_22,70,40,70,22,Direction indicating devices
TE_70_40_70_27,70,40,70,27,Electromagnetic distance measuring (EDM) instruments
TE_70_40_70_51,70,40,70,51,Measuring telescopes
TE_70_40_70_58,70,40,70,58,Optical plummets
TE_70_40_70_70,70,40,70,70,Ranging poles
TE_70_40_70_83,70,40,70,83,Staffs
TE_70_40_70_85,70,40,70,85,Surface indicating devices
TE_70_40_70_89,70,40,70,89,Tribrachs
TE_70_40_70_90,70,40,70,90,Tripods
TE_70_50,70,50,,,Hand tools
TE_70_50_10,70,50,10,,Handsaws
TE_70_50_10_06,70,50,10,06,Back saws
TE_70_50_10_08,70,50,10,08,Bow saws
TE_70_50_10_14,70,50,10,14,Compass saws
TE_70_50_10_16,70,50,10,16,Coping saws
TE_70_50_10_24,70,50,10,24,Drywall saws
TE_70_50_10_29,70,50,10,29,Flooring saws
TE_70_50_10_31,70,50,10,31,Fretsaws
TE_70_50_10_36,70,50,10,36,Hacksaws
TE_70_50_10_60,70,50,10,60,Panel saws
TE_70_50_15,70,50,15,,Power saws
TE_70_50_15_03,70,50,15,03,Alligator saws
TE_70_50_15_06,70,50,15,06,Bandsaws
TE_70_50_15_09,70,50,15,09,Brick saws
TE_70_50_15_12,70,50,15,12,Chainsaws
TE_70_50_15_13,70,50,15,13,Circular saws
TE_70_50_15_44,70,50,15,44,Jig saws
TE_70_50_15_52,70,50,15,52,Mitre saws
TE_70_50_20,70,50,20,,Pipework equipment
TE_70_50_20_31,70,50,20,31,Flaring tools
TE_70_50_20_44,70,50,20,44,Joint assembly tools
TE_70_50_20_64,70,50,20,64,Pipe defrosting equipment
TE_70_50_20_67,70,50,20,67,Pipe wrenches
TE_70_50_20_70,70,50,20,70,Plumber's furnaces
TE_70_50_30,70,50,30,,Hammers
TE_70_50_30_07,70,50,30,07,Bricklayer's hammers
TE_70_50_30_09,70,50,30,09,Bush hammers
TE_70_50_30_11,70,50,30,11,Carpenter's hammers
TE_70_50_30_13,70,50,30,13,Chipping hammers
TE_70_50_30_15,70,50,30,15,Club hammers
TE_70_50_30_22,70,50,30,22,Demolition hammers
TE_70_50_30_71,70,50,30,71,Riveting hammers
TE_70_50_30_73,70,50,30,73,Rotary hammers
TE_70_50_30_80,70,50,30,80,Sledgehammers
TE_70_50_40,70,50,40,,Handheld drills and equipment
TE_70_50_40_05,70,50,40,05,Augers
TE_70_50_40_21,70,50,40,21,Diamond drilling and chasing equipment
TE_70_50_40_22,70,50,40,22,Drill bits
TE_70_50_40_23,70,50,40,23,Drill rods
TE_70_50_40_24,70,50,40,24,Drill stands
TE_70_50_40_64,70,50,40,64,Pipe drilling tackle
TE_70_50_40_70,70,50,40,70,Reversible drills
TE_70_50_40_72,70,50,40,72,Rock drills
TE_70_50_40_73,70,50,40,73,Rotary drills
TE_70_50_40_96,70,50,40,96,Wheel braces
TE_70_50_45,70,50,45,,Handheld equipment
TE_70_50_45_02,70,50,45,02,Adhesive guns
TE_70_50_45_08,70,50,45,08,Bolt tensioning tools
TE_70_50_45_11,70,50,45,11,Cable cutters
TE_70_50_45_12,70,50,45,12,Cable locators
TE_70_50_45_17,70,50,45,17,Crimping tools
TE_70_50_45_25,70,50,45,25,Dynamometers
TE_70_50_45_27,70,50,45,27,Engraver
TE_70_50_45_37,70,50,45,37,Heat guns
TE_70_50_45_39,70,50,45,39,Hydraulic wrenches
TE_70_50_45_42,70,50,45,42,Impact wrenches
TE_70_50_45_50,70,50,45,50,Metal detectors
TE_70_50_45_56,70,50,45,56,Nail guns
TE_70_50_45_57,70,50,45,57,Nibblers
TE_70_50_45_63,70,50,45,63,Pipeline locators
TE_70_50_45_72,70,50,45,72,Rivet guns
TE_70_50_45_88,70,50,45,88,Torque wrenches
TE_70_50_45_96,70,50,45,96,Wire pullers
TE_70_50_45_97,70,50,45,97,Wire tensioners
TE_70_50_50,70,50,50,,Painting and insulation application equipment
TE_70_50_50_41,70,50,50,41,Insulation injection equipment
TE_70_50_50_60,70,50,50,60,Paintbrushes
TE_70_50_50_62,70,50,50,62,Paint kettles
TE_70_50_50_64,70,50,50,64,Paint metering systems
TE_70_50_50_66,70,50,50,66,Paint rollers
TE_70_50_50_80,70,50,50,80,Spraying equipment for paints and insulation
TE_70_50_60,70,50,60,,Barrows
TE_70_50_60_36,70,50,60,36,Hand barrows
TE_70_50_60_65,70,50,60,65,Powered barrows
TE_70_50_65,70,50,65,,Excavation tools
TE_70_50_65_15,70,50,65,15,Clay spits
TE_70_50_65_60,70,50,65,60,Picks
TE_70_50_65_80,70,50,65,80,Spades
TE_70_50_70,70,50,70,,Levering bars
TE_70_50_70_20,70,50,70,20,Crowbars
TE_70_50_70_60,70,50,70,60,Pinch bars
TE_70_50_80,70,50,80,,"Screwdrivers, spanners and bolt cutters"
TE_70_50_80_01,70,50,80,01,Adjustable spanners
TE_70_50_80_03,70,50,80,03,Allen keys
TE_70_50_80_08,70,50,80,08,Bolt cutters
TE_70_50_80_17,70,50,80,17,Cross head screwdrivers
TE_70_50_80_30,70,50,80,30,Flathead screwdrivers
TE_70_50_80_70,70,50,80,70,Ratchet screwdrivers
TE_70_50_80_80,70,50,80,80,Spanners
TE_70_50_85,70,50,85,,Trowels
TE_70_50_85_03,70,50,85,03,Angle trowels
TE_70_50_85_33,70,50,85,33,Gauging trowels
TE_70_50_85_46,70,50,85,46,Laying on trowels
TE_70_50_90,70,50,90,,Floats
TE_70_50_90_18,70,50,90,18,Cross-grained floats
TE_70_50_90_22,70,50,90,22,Devil floats
TE_70_60,70,60,,,Electrical tools
TE_70_60_10,70,60,10,,Sanders
TE_70_60_10_07,70,60,10,07,Belt sanders
TE_70_60_10_58,70,60,10,58,Orbital sanders
TE_70_60_20,70,60,20,,Grinders
TE_70_60_20_03,70,60,20,03,Angle grinders
TE_70_60_20_07,70,60,20,07,Bench grinders
TE_70_60_20_84,70,60,20,84,Straight grinders
TE_70_60_30,70,60,30,,Polishers
TE_70_60_30_30,70,60,30,30,Floor polishers
TE_70_60_40,70,60,40,,Planers
TE_70_60_50,70,60,50,,Routers
TE_70_60_60,70,60,60,,Scabblers
TE_70_60_70,70,60,70,,Breakers
TE_70_80,70,80,,,Testing equipment
TE_70_80_10,70,80,10,,Concrete testing equipment
TE_70_80_20,70,80,20,,Drain testing equipment
TE_70_80_20_80,70,80,20,80,Sewer test and inspection equipment
TE_70_80_25,70,80,25,,Electrical testing equipment
TE_70_80_25_11,70,80,25,11,Cable fault reflectometers
TE_70_80_25_12,70,80,25,12,Cable fault locators
TE_70_80_25_15,70,80,25,15,Clamp meters
TE_70_80_25_30,70,80,25,30,Frequency selective meters
TE_70_80_25_32,70,80,25,32,Fuse finder kits
TE_70_80_25_42,70,80,25,42,Illuminance meters
TE_70_80_25_44,70,80,25,44,Impedance meters
TE_70_80_25_76,70,80,25,76,Scopemeters
TE_70_80_25_92,70,80,25,92,Ultrasonic flaw detectors
TE_70_80_40,70,80,40,,Pipe testing equipment
TE_70_80_60,70,80,60,,Sampling equipment
TE_70_80_80,70,80,80,,Weighing machines for construction materials
TE_70_80_90,70,80,90,,Weighing machines for vehicles
