Code,Group,Sub group,Section,Object,Title
Ac_05,05,,,,Project management activities
Ac_05_00,05,00,,,Strategy stage activities
Ac_05_00_10,05,00,10,,Business case development
Ac_05_00_80,05,00,80,,Strategic brief preparation
Ac_05_00_82,05,00,82,,Strategic brief submission
Ac_05_10,05,10,,,Brief stage activities
Ac_05_10_15,05,10,15,,Cost estimate preparation
Ac_05_10_17,05,10,17,,Cost estimate submission
Ac_05_10_29,05,10,29,,Feasibility study preparation
Ac_05_10_31,05,10,31,,Feasibility study submission
Ac_05_10_61,05,10,61,,Preliminary design preparation
Ac_05_10_63,05,10,63,,Preliminary design submission
Ac_05_10_65,05,10,65,,Project brief and objectives preparation
Ac_05_10_67,05,10,67,,Project brief and objectives submission
Ac_05_20,05,20,,,Concept stage activities
Ac_05_20_15,05,20,15,,Concept cost report preparation
Ac_05_20_17,05,20,17,,Concept cost report submission
Ac_05_20_21,05,20,21,,Concept design development
Ac_05_20_23,05,20,23,,Concept design report preparation
Ac_05_20_25,05,20,25,,Concept design report submission
Ac_05_30,05,30,,,Definition stage activities
Ac_05_30_03,05,30,03,,Agreement negotiating
Ac_05_30_10,05,30,10,,Building regulation assessing
Ac_05_30_21,05,30,21,,Definition design cost report preparation
Ac_05_30_23,05,30,23,,Definition design cost report submission
Ac_05_30_25,05,30,25,,Definition design development
Ac_05_30_27,05,30,27,,Definition design report preparation
Ac_05_30_28,05,30,28,,Definition design submission
Ac_05_30_29,05,30,29,,Drainage adoption agreeing
Ac_05_30_37,05,30,37,,Highways adoption agreeing
Ac_05_30_60,05,30,60,,Party wall notices agreeing
Ac_05_30_64,05,30,64,,Planning preparation
Ac_05_30_85,05,30,85,,Sustainability assessing
Ac_05_40,05,40,,,Design stage activities
Ac_05_40_60,05,40,60,,Prototype requesting
Ac_05_40_70,05,40,70,,Sample requesting
Ac_05_40_85,05,40,85,,Technical design cost report preparation
Ac_05_40_87,05,40,87,,Technical design development
Ac_05_40_89,05,40,89,,Technical design report preparation
Ac_05_40_91,05,40,91,,Technical design submission
Ac_05_50,05,50,,,Build and commission stage activities
Ac_05_50_15,05,50,15,,Contractor mobilizing
Ac_05_50_41,05,50,41,,Information submitting
Ac_05_50_43,05,50,43,,Inspecting
Ac_05_50_51,05,50,51,,Measuring
Ac_05_50_54,05,50,54,,Monitoring
Ac_05_50_60,05,50,60,,Prototype submission
Ac_05_50_70,05,50,70,,Sample submission
Ac_05_50_72,05,50,72,,Setting out
Ac_05_50_75,05,50,75,,Starting on site
Ac_05_50_85,05,50,85,,Tender analyzing
Ac_05_50_87,05,50,87,,Tender negotiating
Ac_05_50_89,05,50,89,,Tender recommendation reporting
Ac_05_50_91,05,50,91,,Timber sourcing
Ac_05_50_97,05,50,97,,Works commencing
Ac_05_60,05,60,,,Handover and closeout stage activities
Ac_05_60_10,05,60,10,,Building contract administrating
Ac_05_60_15,05,60,15,,Completing
Ac_05_60_30,05,60,30,,Final clean
Ac_05_60_35,05,60,35,,Handing over
Ac_05_60_60,05,60,60,,Partial handing over
Ac_05_60_70,05,60,70,,Rectifying non-compliant items
Ac_05_60_80,05,60,80,,Sectional completing
Ac_05_70,05,70,,,Operation and end of life stage activities
Ac_05_70_10,05,70,10,,Building user assisting
Ac_05_70_48,05,70,48,,Logistics
Ac_10,10,,,,"Preparation, construction and repair"
Ac_10_10,10,10,,,Deconstruction and demolition
Ac_10_10_20,10,10,20,,Deconstruction
Ac_10_10_25,10,10,25,,Demolition
Ac_10_20,10,20,,,Decontamination
Ac_10_30,10,30,,,Site clearance
Ac_10_30_10,10,30,10,,Bush and scrub removal
Ac_10_30_15,10,30,15,,Constructed material clearance
Ac_10_30_80,10,30,80,,Soil removal
Ac_10_30_90,10,30,90,,Tree removal
Ac_10_40,10,40,,,Construction
Ac_10_40_08,10,40,08,,Bricklaying
Ac_10_40_11,10,40,11,,Carpentry and joinery
Ac_10_40_13,10,40,13,,Carpet laying
Ac_10_40_22,10,40,22,,Diamond drilling
Ac_10_40_25,10,40,25,,Ductwork installing
Ac_10_40_27,10,40,27,,Electrical system installing
Ac_10_40_30,10,40,30,,Formwork installing
Ac_10_40_41,10,40,41,,Internal fitting out
Ac_10_40_60,10,40,60,,Painting and decorating
Ac_10_40_63,10,40,63,,Pipe fitting
Ac_10_40_65,10,40,65,,Plastering and rendering
Ac_10_40_67,10,40,67,,Plumbing
Ac_10_40_88,10,40,88,,Tiling
Ac_10_60,10,60,,,Protection activities
Ac_10_60_90,10,60,90,,Tree protecting
Ac_10_70,10,70,,,"Remediation, repair and renovation"
Ac_10_70_65,10,70,65,,Remediation
Ac_10_70_70,10,70,70,,Renovation
Ac_10_70_75,10,70,75,,Repair
Ac_10_80,10,80,,,Structure moving
Ac_15,15,,,,Survey activities
Ac_15_05,15,05,,,Aquatic surveying
Ac_15_05_11,15,05,11,,Canals surveying
Ac_15_05_15,15,05,15,,Coastal surveying
Ac_15_05_36,15,05,36,,Hydrological surveying
Ac_15_05_46,15,05,46,,Lakes and ponds surveying
Ac_15_05_70,15,05,70,,Reservoirs surveying
Ac_15_05_72,15,05,72,,Rivers and streams surveying
Ac_15_05_73,15,05,73,,River estuary surveying
Ac_15_10,15,10,,,Surveying methods
Ac_15_10_01,15,10,01,,Acoustic surveying
Ac_15_10_03,15,10,03,,Aerial surveying
Ac_15_10_10,15,10,10,,Borehole surveying
Ac_15_10_14,15,10,14,,Closed-circuit television surveying
Ac_15_10_22,15,10,22,,Desk top studying
Ac_15_10_32,15,10,32,,Geophysical surveying
Ac_15_10_34,15,10,34,,Ground-penetrating radar surveying
Ac_15_10_70,15,10,70,,Radio frequency location surveying
Ac_15_10_80,15,10,80,,Satellite surveying
Ac_15_10_90,15,10,90,,Trial holes surveying
Ac_15_15,15,15,,,Building services condition surveying
Ac_15_15_06,15,15,06,,Below-ground services surveying
Ac_15_15_08,15,15,08,,"Boilers, heating and hot water systems surveying"
Ac_15_15_11,15,15,11,,Catering equipment surveying
Ac_15_15_15,15,15,15,,Cold water and water treatment systems surveying
Ac_15_15_16,15,15,16,,Control systems surveying
Ac_15_15_28,15,15,28,,Escalator and moving pavement systems surveying
Ac_15_15_30,15,15,30,,Fire alarm systems surveying
Ac_15_15_34,15,15,34,,Generators system surveying
Ac_15_15_47,15,15,47,,Lift installation surveying
Ac_15_15_48,15,15,48,,Low voltage general power electrical installations surveying
Ac_15_15_71,15,15,71,,Refrigeration systems surveying
Ac_15_15_82,15,15,82,,Sprinkler systems surveying
Ac_15_15_95,15,15,95,,Ventilation and air conditioning systems surveying
Ac_15_20,15,20,,,Ecological and environmental surveying
Ac_15_20_03,15,20,03,,Animal conservation assessment surveying
Ac_15_20_05,15,20,05,,Arboricultural surveying
Ac_15_20_08,15,20,08,,Bird and pest surveying
Ac_15_20_25,15,20,25,,Ecological building surveying
Ac_15_20_27,15,20,27,,Ecological site surveying
Ac_15_20_28,15,20,28,,Environmental impact assessment surveying
Ac_15_20_40,15,20,40,,Invasive species surveying
Ac_15_20_46,15,20,46,,Landscape character assessing
Ac_15_20_48,15,20,48,,Landscape visual assessing
Ac_15_20_56,15,20,56,,Nuisance animal species surveying
Ac_15_20_58,15,20,58,,Ornithological surveying
Ac_15_20_85,15,20,85,,Strategic environmental assessing
Ac_15_30,15,30,,,Geometric surveying
Ac_15_30_50,15,30,50,,Measured and metric surveying
Ac_15_30_90,15,30,90,,Topographical surveying
Ac_15_40,15,40,,,Hazardous material surveying
Ac_15_40_05,15,40,05,,Asbestos surveying
Ac_15_40_45,15,40,45,,Lead paint surveying
Ac_15_40_70,15,40,70,,Radon and hazardous ground gases surveying
Ac_15_45,15,45,,,Historic building and site surveying
Ac_15_45_35,15,45,35,,Historic building surveying
Ac_15_45_37,15,45,37,,Historic site surveying
Ac_15_50,15,50,,,Building fabric surveying
Ac_15_50_10,15,50,10,,Building surveying
Ac_15_50_15,15,50,15,,Concealed elements surveying
Ac_15_50_17,15,50,17,,Concrete cover surveying
Ac_15_50_20,15,50,20,,Damp ingress and excess moisture surveying
Ac_15_50_22,15,50,22,,Dilapidations surveying
Ac_15_50_25,15,50,25,,"Doors, windows and glazing surveying"
Ac_15_50_50,15,50,50,,Masonry surveying
Ac_15_50_52,15,50,52,,Metalwork surveying
Ac_15_50_73,15,50,73,,Roof surveying
Ac_15_50_85,15,50,85,,Structural surveying
Ac_15_50_90,15,50,90,,Timber surveying
Ac_15_55,15,55,,,Performance surveying
Ac_15_55_02,15,55,02,,Access auditing
Ac_15_55_04,15,55,04,,Acoustics and noise transfer surveying
Ac_15_55_06,15,55,06,,Airtightness surveying
Ac_15_55_26,15,55,26,,Energy assessment surveying
Ac_15_55_30,15,55,30,,Fire protection surveying
Ac_15_55_75,15,55,75,,Security auditing
Ac_15_60,15,60,,,Rail track surveying
Ac_15_70,15,70,,,Road and bridge surveying
Ac_15_70_70,15,70,70,,Road safety auditing
Ac_15_70_90,15,70,90,,Traffic surveying
Ac_15_75,15,75,,,Ground investigating
Ac_15_75_20,15,75,20,,Geochemical surveying
Ac_15_75_25,15,75,25,,Geoenvironmental exploratory investigating
Ac_15_75_30,15,75,30,,Geoenvironmental ground investigating
Ac_15_75_35,15,75,35,,Geological boundaries surveying
Ac_15_75_40,15,75,40,,Geological faults surveying
Ac_15_75_45,15,75,45,,Geological surveying
Ac_15_75_50,15,75,50,,Geotechnical ground investigating
Ac_15_75_55,15,75,55,,Geotechnical substructure investigating
Ac_15_75_60,15,75,60,,Ground levels surveying
Ac_15_75_65,15,75,65,,Ground water table surveying
Ac_15_75_70,15,75,70,,Preliminary site investigating
Ac_15_75_80,15,75,80,,Soil surveying
Ac_15_80,15,80,,,Site surveying
Ac_15_80_65,15,80,65,,Preliminary site surveying
Ac_15_80_92,15,80,92,,Utilities surveying
Ac_15_90,15,90,,,Tunnel surveying
Ac_20,20,,,,"Administrative, commercial and protective services activities"
Ac_20_10,20,10,,,Legislative activities
Ac_20_10_47,20,10,47,,Legislating activities
Ac_20_10_66,20,10,66,,Public viewing of legislating activities
Ac_20_15,20,15,,,Administrative office activities
Ac_20_15_15,20,15,15,,Counter service
Ac_20_15_22,20,15,22,,Desk-based office tasks
Ac_20_15_50,20,15,50,,Meetings
Ac_20_15_59,20,15,59,,Office maintenance tasks
Ac_20_15_71,20,15,71,,Reception tasks
Ac_20_45,20,45,,,Motor vehicle maintenance and fuelling activities
Ac_20_45_30,20,45,30,,Fuel station air and water dispensing
Ac_20_45_31,20,45,31,,Fuel station fuel storing
Ac_20_45_51,20,45,51,,Motor vehicle fuelling
Ac_20_45_53,20,45,53,,Motor vehicle maintaining
Ac_20_50,20,50,,,Commercial activities
Ac_20_50_03,20,50,03,,Ambient products wholesale selling
Ac_20_50_05,20,50,05,,Auctioning
Ac_20_50_12,20,50,12,,Checking out and paying
Ac_20_50_22,20,50,22,,Department store retail selling
Ac_20_50_29,20,50,29,,Financial and professional services activity
Ac_20_50_32,20,50,32,,Food and drink retail selling
Ac_20_50_33,20,50,33,,General retail selling
Ac_20_50_36,20,50,36,,Hair and beauty treatment activities
Ac_20_50_45,20,50,45,,Kiosk retail selling
Ac_20_50_47,20,50,47,,Livestock wholesale selling
Ac_20_50_50,20,50,50,,Mail order sorting and despatching
Ac_20_50_51,20,50,51,,Market retail selling
Ac_20_50_55,20,50,55,,Motor vehicle selling
Ac_20_50_70,20,50,70,,Refrigerated products wholesale selling
Ac_20_50_85,20,50,85,,Supermarket retail selling
Ac_20_50_87,20,50,87,,Tattooing and piercing
Ac_20_50_90,20,50,90,,Trying out goods
Ac_20_50_96,20,50,96,,Waste and scrap wholesale selling
Ac_20_55,20,55,,,Postal communications activities
Ac_20_55_45,20,55,45,,Letter sorting
Ac_20_55_60,20,55,60,,Parcel sorting
Ac_20_60,20,60,,,Military protective activities
Ac_20_60_08,20,60,08,,Bombardment sheltering
Ac_20_60_70,20,60,70,,Radioactive fallout sheltering
Ac_20_62,20,62,,,Parade activities
Ac_20_62_65,20,62,65,,Parading
Ac_20_65,20,65,,,Law enforcement activities
Ac_20_65_08,20,65,08,,Breathalyzing
Ac_20_65_15,20,65,15,,Counter terrorism activities
Ac_20_65_19,20,65,19,,Custody activities
Ac_20_65_40,20,65,40,,Identification parading
Ac_20_65_59,20,65,59,,Operational activities
Ac_20_65_65,20,65,65,,Police detaining
Ac_20_65_87,20,65,87,,Testing for illegal substances
Ac_20_65_94,20,65,94,,Victim examining
Ac_20_70,20,70,,,Judicial activities
Ac_20_70_15,20,70,15,,Conducting trials and hearings
Ac_20_70_23,20,70,23,,Defendant seating
Ac_20_70_27,20,70,27,,Evidence drying
Ac_20_70_41,20,70,41,,Judicial seating
Ac_20_70_44,20,70,44,,Jury seating
Ac_20_70_68,20,70,68,,Public gallery viewing
Ac_20_70_93,20,70,93,,Victim supporting
Ac_20_70_94,20,70,94,,Vulnerable victim supporting
Ac_20_70_95,20,70,95,,Vulnerable witness supporting
Ac_20_70_97,20,70,97,,Witness standing
Ac_20_70_98,20,70,98,,Witness supporting
Ac_20_75,20,75,,,Detention activities
Ac_20_75_12,20,75,12,,Close supervising
Ac_20_75_15,20,75,15,,Communal inmate day activities
Ac_20_75_20,20,75,20,,Detainee exercising
Ac_20_75_22,20,75,22,,Detainee processing 
Ac_20_75_35,20,75,35,,Guarding detainees
Ac_20_75_38,20,75,38,,Holding of prisoners
Ac_20_75_41,20,75,41,,Inmate exercising
Ac_20_75_44,20,75,44,,Juvenile detaining
Ac_20_75_67,20,75,67,,Prison detaining
Ac_20_75_75,20,75,75,,Secure entering and exiting
Ac_20_75_77,20,75,77,,Secure visiting
Ac_20_75_95,20,75,95,,Vehicle impounding
Ac_20_80,20,80,,,Weapons training activities
Ac_20_80_29,20,80,29,,Firearms training
Ac_20_80_31,20,80,31,,Firing of weapons
Ac_20_85,20,85,,,Security activities
Ac_20_85_08,20,85,08,,Biometric identifying
Ac_20_85_63,20,85,63,,Pedestrian security checking
Ac_20_85_77,20,85,77,,Secure activities
Ac_20_85_79,20,85,79,,Sensitive activities
Ac_20_85_95,20,85,95,,Vehicular security checking
Ac_20_90,20,90,,,Incident support activities
Ac_20_90_31,20,90,31,,Fire training
Ac_20_90_41,20,90,41,,Incident prevention
Ac_20_90_42,20,90,42,,Incident support
Ac_20_90_78,20,90,78,,Sheltering from fire
Ac_25,25,,,,"Cultural, educational, scientific and information activities"
Ac_25_05,25,05,,,Commemoration activities
Ac_25_05_15,25,05,15,,Commemoration events
Ac_25_10,25,10,,,Educational activities
Ac_25_10_05,25,10,05,,Assembling
Ac_25_10_15,25,10,15,,Communal educational activities
Ac_25_10_26,25,10,26,,Driving tuition
Ac_25_10_35,25,10,35,,Group work
Ac_25_10_47,25,10,47,,Lecturing
Ac_25_10_71,25,10,71,,Researching
Ac_25_10_78,25,10,78,,Seminar activities
Ac_25_10_84,25,10,84,,Studying
Ac_25_10_88,25,10,88,,Teaching
Ac_25_20,25,20,,,Design and craft activities
Ac_25_20_13,25,20,13,,Ceramics making
Ac_25_20_15,25,20,15,,Craft activities
Ac_25_20_21,25,20,21,,Designing
Ac_25_20_24,25,20,24,,Drawing
Ac_25_20_60,25,20,60,,Painting
Ac_25_20_88,25,20,88,,Technical drawing
Ac_25_30,25,30,,,Scientific and laboratory activities
Ac_25_30_02,25,30,02,,Anechoic chamber activities
Ac_25_30_04,25,30,04,,Astronomy activities
Ac_25_30_07,25,30,07,,Biology activities
Ac_25_30_10,25,30,10,,Bioscience activities
Ac_25_30_13,25,30,13,,Chemistry activities
Ac_25_30_15,25,30,15,,Clinical biochemistry activities
Ac_25_30_16,25,30,16,,Clinical microbiology activities
Ac_25_30_17,25,30,17,,Clinical pathology activities
Ac_25_30_19,25,30,19,,Containment activities
Ac_25_30_21,25,30,21,,Dark room activities
Ac_25_30_22,25,30,22,,Dental laboratory activities
Ac_25_30_23,25,30,23,,Dissection
Ac_25_30_26,25,30,26,,Earth sciences activities
Ac_25_30_27,25,30,27,,Engineering activities
Ac_25_30_28,25,30,28,,Experiment controlling
Ac_25_30_29,25,30,29,,Flow cytometry activities
Ac_25_30_30,25,30,30,,Food testing
Ac_25_30_31,25,30,31,,Forensic science activities
Ac_25_30_33,25,30,33,,Geology activities
Ac_25_30_36,25,30,36,,Hyperbaric chamber activities
Ac_25_30_46,25,30,46,,Laboratory cold activities
Ac_25_30_47,25,30,47,,Laboratory warm activities
Ac_25_30_50,25,30,50,,Material testing
Ac_25_30_66,25,30,66,,Physics activities
Ac_25_30_68,25,30,68,,Psychology activities
Ac_25_30_70,25,30,70,,Radiation shielded activities
Ac_25_30_72,25,30,72,,Results interpreting
Ac_25_30_76,25,30,76,,Scientific instrument activities
Ac_25_30_78,25,30,78,,Seismograph activities
Ac_25_30_85,25,30,85,,Sterilizing activities
Ac_25_30_89,25,30,89,,Tissue culturing
Ac_25_30_90,25,30,90,,Toxicology activities
Ac_25_50,25,50,,,Exhibition activities
Ac_25_50_04,25,50,04,,Art exhibiting
Ac_25_50_15,25,50,15,,Collection exhibiting
Ac_25_50_16,25,50,16,,Conservation of art and artefacts
Ac_25_50_21,25,50,21,,Diorama exhibiting
Ac_25_50_29,25,50,29,,Fauna exhibiting
Ac_25_50_31,25,50,31,,Flora exhibiting
Ac_25_50_65,25,50,65,,Projecting representations of the night sky
Ac_25_50_73,25,50,73,,Sculpture exhibiting
Ac_25_50_94,25,50,94,,Viewing activities
Ac_25_70,25,70,,,Information activities
Ac_25_70_04,25,70,04,,Archiving
Ac_25_70_05,25,70,05,,Audiovisual studying
Ac_25_70_11,25,70,11,,Cataloguing
Ac_25_70_23,25,70,23,,Domestic book storing and reading
Ac_25_70_30,25,70,30,,Film storing
Ac_25_70_47,25,70,47,,Library storing
Ac_25_70_71,25,70,71,,Reading
Ac_25_70_72,25,70,72,,Records storing
Ac_25_70_76,25,70,76,,Scanning
Ac_25_90,25,90,,,Worship activities
Ac_25_90_12,25,90,12,,Ceremonial worship activities
Ac_25_90_15,25,90,15,,Conducting acts of worship
Ac_25_90_60,25,90,60,,Pastoral care
Ac_25_90_67,25,90,67,,Preparing for acts of worship
Ac_30,30,,,,Industrial activities
Ac_30_10,30,10,,,Mineral extraction activities
Ac_30_10_57,30,10,57,,Offshore oil and gas drilling
Ac_30_10_59,30,10,59,,Onshore oil and gas drilling
Ac_30_10_60,30,10,60,,Opencast mining
Ac_30_10_69,30,10,69,,Quarrying
Ac_30_10_91,30,10,91,,Underground mining
Ac_30_10_93,30,10,93,,Underground mine accessing
Ac_30_10_94,30,10,94,,Underground mine tunnelling
Ac_30_20,30,20,,,Nuclear and chemical management activities
Ac_30_20_30,30,20,30,,High heat highly enriched uranium radioactive waste managing
Ac_30_20_35,30,20,35,,High heat mixed oxide fuel radioactive waste managing
Ac_30_20_40,30,20,40,,High heat plutonium radioactive waste managing
Ac_30_20_45,30,20,45,,High heat radioactive waste managing
Ac_30_20_50,30,20,50,,High heat spent fuel radioactive waste managing
Ac_30_20_60,30,20,60,,Low heat depleted natural low enrichment uranium managing
Ac_30_20_65,30,20,65,,Low heat robust shielded radioactive waste managing
Ac_30_20_70,30,20,70,,Low heat shielded radioactive waste managing
Ac_30_20_75,30,20,75,,Low heat unshielded radioactive waste managing
Ac_30_30,30,30,,,Mineral processing activities
Ac_30_30_33,30,30,33,,Gas processing
Ac_30_30_58,30,30,58,,Oil processing
Ac_30_30_59,30,30,59,,Ore processing
Ac_30_40,30,40,,,Animal and plant products processing activities
Ac_30_40_06,30,40,06,,Baking
Ac_30_40_07,30,40,07,,Bottling
Ac_30_40_09,30,40,09,,Brewing
Ac_30_40_10,30,40,10,,Butter making
Ac_30_40_11,30,40,11,,Canning
Ac_30_40_18,30,40,18,,Cheese making
Ac_30_40_22,30,40,22,,Distilling
Ac_30_40_30,30,40,30,,Fish processing
Ac_30_40_32,30,40,32,,Fresh fruit and vegetable packing
Ac_30_40_44,30,40,44,,Juicing
Ac_30_40_52,30,40,52,,Meat processing
Ac_30_40_54,30,40,54,,Milk processing
Ac_30_40_55,30,40,55,,Milling
Ac_30_40_63,30,40,63,,Plant fibre sorting
Ac_30_40_65,30,40,65,,Poultry processing
Ac_30_40_80,30,40,80,,Slaughtering
Ac_30_40_87,30,40,87,,Tanning
Ac_30_40_88,30,40,88,,Threshing
Ac_30_40_89,30,40,89,,Timber sawing
Ac_30_40_90,30,40,90,,Tobacco drying
Ac_30_40_96,30,40,96,,Wine making
Ac_30_40_98,30,40,98,,Wool sorting
Ac_30_50,30,50,,,Manufacturing activities
Ac_30_50_27,30,50,27,,Electronics clean activities
Ac_30_50_30,30,50,30,,Heavy industrial activities
Ac_30_50_53,30,50,53,,Light industrial activities
Ac_30_50_60,30,50,60,,Packaging
Ac_30_50_61,30,50,61,,Paint spraying
Ac_30_50_64,30,50,64,,Printing
Ac_30_60,30,60,,,Cleaning and maintenance activities
Ac_30_60_12,30,60,12,,Cleaning
Ac_30_60_13,30,60,13,,Clothes drying and airing
Ac_30_60_15,30,60,15,,Commercial laundering
Ac_30_60_22,30,60,22,,Decontaminating
Ac_30_60_23,30,60,23,,Domestic laundering
Ac_30_60_24,30,60,24,,Dry cleaning
Ac_30_60_42,30,60,42,,Ironing
Ac_30_60_47,30,60,47,,Laundering
Ac_30_60_75,30,60,75,,Service laundering
Ac_30_60_94,30,60,94,,Vehicle washing
Ac_30_60_96,30,60,96,,Washing up
Ac_30_80,30,80,,,Kinetic power generation
Ac_30_85,30,85,,,Marine and water storage and maintenance activities
Ac_30_85_08,30,85,08,,Boat repairing
Ac_30_85_24,30,85,24,,Dry dock ship repairing
Ac_30_85_30,30,85,30,,Floating dock ship repairing
Ac_30_85_97,30,85,97,,Wet dock ship repairing
Ac_30_90,30,90,,,Warehousing and distribution activities
Ac_30_90_33,30,90,33,,Goods delivery
Ac_30_90_48,30,90,48,,Loading and unloading
Ac_30_90_80,30,90,80,,Sorting and distributing
Ac_30_90_96,30,90,96,,Warehousing
Ac_32,32,,,,Water and land management activities
Ac_32_10,32,10,,,Agricultural and horticultural activities
Ac_32_10_02,32,10,02,,Agricultural maintenance
Ac_32_10_26,32,10,26,,Farmyard activities
Ac_32_10_27,32,10,27,,Fertilizing
Ac_32_10_29,32,10,29,,Fish cultivating
Ac_32_10_34,32,10,34,,Glasshouse growing
Ac_32_10_35,32,10,35,,Harvesting
Ac_32_10_36,32,10,36,,Hedge laying
Ac_32_10_38,32,10,38,,Horticultural activities
Ac_32_10_42,32,10,42,,Irrigating
Ac_32_10_47,32,10,47,,Livestock activities
Ac_32_10_52,32,10,52,,Milking
Ac_32_10_55,32,10,55,,Mushroom cultivating
Ac_32_10_61,32,10,61,,Pest management
Ac_32_10_64,32,10,64,,Ploughing
Ac_32_10_66,32,10,66,,Poultry rearing
Ac_32_10_68,32,10,68,,Propagating
Ac_32_10_70,32,10,70,,Pruning
Ac_32_10_77,32,10,77,,Sheep shearing
Ac_32_10_78,32,10,78,,Sheep dipping
Ac_32_10_79,32,10,79,,Silviculture
Ac_32_10_80,32,10,80,,Sowing
Ac_32_10_94,32,10,94,,Viticulture
Ac_32_10_96,32,10,96,,Weed management
Ac_32_50,32,50,,,Marine and water activities
Ac_32_50_30,32,50,30,,Flood defending
Ac_32_50_38,32,50,38,,Harbour protecting
Ac_32_50_94,32,50,94,,Vessel berthing
Ac_32_50_95,32,50,95,,Vessel launching
Ac_32_60,32,60,,,Natural spaces activities
Ac_32_60_27,32,60,27,,Erosion
Ac_32_60_30,32,60,30,,Flooding
Ac_35,35,,,,"Medical, health, welfare and sanitary activities"
Ac_35_10,35,10,,,Medical activities
Ac_35_10_08,35,10,08,,Birthing
Ac_35_10_10,35,10,10,,Burns treating
Ac_35_10_15,35,10,15,,Consulting
Ac_35_10_31,35,10,31,,First aiding
Ac_35_10_36,35,10,36,,Hearing testing
Ac_35_10_39,35,10,39,,Hydrotherapy
Ac_35_10_42,35,10,42,,Intensive caring
Ac_35_10_43,35,10,43,,Isolation caring
Ac_35_10_51,35,10,51,,Medical scanning
Ac_35_10_53,35,10,53,,Midwifery
Ac_35_10_57,35,10,57,,Nursing
Ac_35_10_58,35,10,58,,Occupational therapy
Ac_35_10_61,35,10,61,,Patient examining
Ac_35_10_62,35,10,62,,Patient screening
Ac_35_10_64,35,10,64,,Pharmaceutical dispensing
Ac_35_10_65,35,10,65,,Phototherapy
Ac_35_10_66,35,10,66,,Physiotherapy
Ac_35_10_70,35,10,70,,Radiography
Ac_35_10_71,35,10,71,,Radiotherapy
Ac_35_10_74,35,10,74,,Rehabilitating
Ac_35_10_85,35,10,85,,Surgical operating
Ac_35_50,35,50,,,Welfare activities
Ac_35_50_21,35,50,21,,Day care
Ac_35_50_42,35,50,42,,Infant caring
Ac_35_60,35,60,,,Food management activities
Ac_35_60_16,35,60,16,,Cooking
Ac_35_60_30,35,60,30,,Food preparation
Ac_35_60_31,35,60,31,,Food serving
Ac_35_70,35,70,,,Funerary activities
Ac_35_70_04,35,70,04,,Ash urn storing
Ac_35_70_10,35,70,10,,Burial
Ac_35_70_18,35,70,18,,Cremating
Ac_35_70_42,35,70,42,,Interment in a vault or tomb
Ac_35_80,35,80,,,Sanitary activities
Ac_35_80_06,35,80,06,,Baby changing
Ac_35_80_07,35,80,07,,Bathing
Ac_35_80_80,35,80,80,,Showering
Ac_35_85,35,85,,,Animal activities
Ac_35_85_02,35,85,02,,Animal care
Ac_35_85_04,35,85,04,,Animal exercising
Ac_35_85_88,35,85,88,,Tack maintaining
Ac_35_90,35,90,,,"Animal medical, health, welfare, funerary and sanitary activities"
Ac_35_90_25,35,90,25,,Animal drug dispensing
Ac_35_90_32,35,90,32,,Animal funerary activities
Ac_35_90_34,35,90,34,,Animal grooming
Ac_35_90_39,35,90,39,,Animal hydrotherapy
Ac_35_90_59,35,90,59,,Veterinary caring
Ac_40,40,,,,Recreational activities
Ac_40_05,40,05,,,Amusement activities
Ac_40_05_03,40,05,03,,Amusement arcade activities
Ac_40_05_33,40,05,33,,Gambling
Ac_40_05_42,40,05,42,,Indoor fairground riding
Ac_40_05_58,40,05,58,,Observing
Ac_40_05_59,40,05,59,,Outdoor activities
Ac_40_05_60,40,05,60,,Outdoor fairground riding
Ac_40_05_63,40,05,63,,Playing
Ac_40_05_89,40,05,89,,Theme park activities
Ac_40_20,40,20,,,Dining activities
Ac_40_20_09,40,20,09,,Beverage dispensing
Ac_40_20_27,40,20,27,,Enclosed dining
Ac_40_20_28,40,20,28,,Food dispensing
Ac_40_20_59,40,20,59,,Outdoor dining
Ac_40_35,40,35,,,Historic recreational activities
Ac_40_35_37,40,35,37,,Historic earthworks exploring
Ac_40_35_38,40,35,38,,Historic ruins exploring
Ac_40_35_39,40,35,39,,Historic sites exploring
Ac_40_60,40,60,,,Performing arts performance activities
Ac_40_60_13,40,60,13,,Circus performing
Ac_40_60_21,40,60,21,,Dancing
Ac_40_60_29,40,60,29,,Fashion showing
Ac_40_60_30,40,60,30,,Filming
Ac_40_60_31,40,60,31,,Film screening
Ac_40_60_38,40,60,38,,Indoor music performing
Ac_40_60_40,40,60,40,,Indoor theatre activities
Ac_40_60_55,40,60,55,,Music recording
Ac_40_60_58,40,60,58,,Outdoor music performing
Ac_40_60_59,40,60,59,,Outdoor theatre activities
Ac_40_65,40,65,,,Performing arts ancillary activities
Ac_40_65_02,40,65,02,,Amphitheatre seating
Ac_40_65_03,40,65,03,,Artiste changing and make-up activities
Ac_40_65_04,40,65,04,,Audience breaking out
Ac_40_65_05,40,65,05,,Audience seating
Ac_40_65_06,40,65,06,,Backstage activities
Ac_40_65_55,40,65,55,,Music recording controlling
Ac_40_65_59,40,65,59,,Overhead scenery storing
Ac_40_65_76,40,65,76,,Scenery controlling
Ac_40_65_79,40,65,79,,Sound controlling
Ac_40_65_80,40,65,80,,Sound excluding
Ac_40_65_88,40,65,88,,Theatrical lighting controlling
Ac_40_65_89,40,65,89,,Theatrical rehearsing
Ac_42,42,,,,Sports activities
Ac_42_15,42,15,,,"Court, pitch and field sport activities"
Ac_42_15_30,42,15,30,,Field athletics
Ac_42_15_42,42,15,42,,Indoor court sports
Ac_42_15_58,42,15,58,,Outdoor court sports
Ac_42_15_59,42,15,59,,Outdoor field sports
Ac_42_15_90,42,15,90,,Track athletics
Ac_42_40,42,40,,,Indoor sports activities
Ac_42_40_09,42,40,09,,Bouldering
Ac_42_40_14,42,40,14,,Climbing wall activities
Ac_42_40_28,42,40,28,,Exercising
Ac_42_40_37,42,40,37,,Gymnastics
Ac_42_40_79,42,40,79,,"Snooker, billiards and pool"
Ac_42_40_90,42,40,90,,Ten pin bowling
Ac_42_40_92,42,40,92,,Track cycling
Ac_42_55,42,55,,,Outdoor sports activities
Ac_42_55_01,42,55,01,,Archery
Ac_42_55_07,42,55,07,,BMX cycling
Ac_42_55_08,42,55,08,,Bowling
Ac_42_55_18,42,55,18,,Cross-country cycling
Ac_42_55_19,42,55,19,,Cross-country rallying
Ac_42_55_20,42,55,20,,Cross-country running
Ac_42_55_23,42,55,23,,Dog racing
Ac_42_55_26,42,55,26,,Equestrian dressage
Ac_42_55_27,42,55,27,,Equestrian cross country eventing
Ac_42_55_28,42,55,28,,Equestrian show jumping
Ac_42_55_30,42,55,30,,Fishing
Ac_42_55_34,42,55,34,,Golfing
Ac_42_55_39,42,55,39,,Horse racing
Ac_42_55_40,42,55,40,,Hunting
Ac_42_55_53,42,55,53,,Motor racing
Ac_42_55_58,42,55,58,,Orienteering
Ac_42_55_60,42,55,60,,Parkour
Ac_42_55_70,42,55,70,,Recreational cycling
Ac_42_55_71,42,55,71,,Recreational walking
Ac_42_55_72,42,55,72,,Riding
Ac_42_55_74,42,55,74,,Running
Ac_42_55_76,42,55,76,,Skateboarding
Ac_42_55_82,42,55,82,,Speedway racing
Ac_42_80,42,80,,,Sports ancillary activities
Ac_42_80_15,42,80,15,,Corporate and VIP spectating
Ac_42_80_50,42,80,50,,Manager and coach seating
Ac_42_80_65,42,80,65,,Press spectating
Ac_42_80_72,42,80,72,,Reserves seating
Ac_42_85,42,85,,,Swimming activities
Ac_42_85_15,42,85,15,,Competition swimming
Ac_42_85_22,42,85,22,,Diving
Ac_42_85_71,42,85,71,,Recreational swimming
Ac_42_85_80,42,85,80,,Spa activities
Ac_42_85_92,42,85,92,,Underwater observation
Ac_42_85_94,42,85,94,,"Water flume, slide and tube riding"
Ac_42_85_95,42,85,95,,Water polo
Ac_42_85_97,42,85,97,,Wave riding
Ac_42_85_98,42,85,98,,Whirlpool bath activities
Ac_42_90,42,90,,,Water activities
Ac_42_90_11,42,90,11,,Canoe slalom
Ac_42_90_12,42,90,12,,Canoe sprint
Ac_42_90_50,42,90,50,,Motor-boating
Ac_42_90_73,42,90,73,,Rowing
Ac_42_90_75,42,90,75,,Sailing
Ac_42_90_97,42,90,97,,Waterskiing
Ac_42_90_98,42,90,98,,White-water canoeing
Ac_42_90_99,42,90,99,,White-water rafting
Ac_42_95,42,95,,,Winter sports activities
Ac_42_95_02,42,95,02,,Alpine skiing
Ac_42_95_08,42,95,08,,Bobsleighing
Ac_42_95_19,42,95,19,,Cross-country skiing
Ac_42_95_20,42,95,20,,Curling
Ac_42_95_32,42,95,32,,Freestyle skiing
Ac_42_95_40,42,95,40,,Ice skating
Ac_42_95_41,42,95,41,,Ice hockey
Ac_42_95_49,42,95,49,,Luge
Ac_42_95_76,42,95,76,,Short track speed skating
Ac_42_95_77,42,95,77,,Skeleton sledding
Ac_42_95_78,42,95,78,,Skiing
Ac_42_95_79,42,95,79,,Ski jumping
Ac_42_95_80,42,95,80,,Snowboarding
Ac_42_95_83,42,95,83,,Speed skating
Ac_45,45,,,,Residential activities
Ac_45_30,45,30,,,External living activities
Ac_45_30_11,45,30,11,,Camping
Ac_45_30_12,45,30,12,,Caravanning
Ac_45_30_33,45,30,33,,Gardening
Ac_45_45,45,45,,,Living activities
Ac_45_45_14,45,45,14,,Communal socializing
Ac_45_45_22,45,45,22,,Dining
Ac_45_45_79,45,45,79,,Sleeping
Ac_45_70,45,70,,,Residential support activities
Ac_45_70_16,45,70,16,,Concierge servicing
Ac_45_70_93,45,70,93,,Utility activities
Ac_50,50,,,,Waste disposal activities
Ac_50_40,50,40,,,Dry waste collecting
Ac_50_40_72,50,40,72,,Refuse storing
Ac_50_40_78,50,40,78,,Scrapping
Ac_55,55,,,,Piped supply activities
Ac_55_60,55,60,,,Piped supply installations testing
Ac_55_60_30,55,60,30,,Fire suppression installation testing
Ac_55_60_68,55,60,68,,Public health installation testing
Ac_55_60_96,55,60,96,,Water supply installation testing
Ac_55_65,55,65,,,Piped supply systems commissioning
Ac_55_65_31,55,65,31,,Fire suppression systems commissioning
Ac_55_65_96,55,65,96,,Water supply systems commissioning
Ac_60,60,,,,"Heating, cooling and refrigeration activities"
Ac_60_60,60,60,,,Heating and chilled water installations testing
Ac_60_60_13,60,60,13,,Chilled water installations testing
Ac_60_60_36,60,60,36,,Heating installations testing
Ac_60_60_63,60,60,63,,Heating and cooling plant and equipment testing
Ac_60_60_65,60,60,65,,Pressure testing pipework
Ac_60_65,60,65,,,Heating and cooling systems and plant commissioning
Ac_60_65_06,60,65,06,,Boilers commissioning
Ac_60_65_13,60,65,13,,Chilled water systems commissioning
Ac_60_65_36,60,65,36,,Heating systems commissioning
Ac_60_65_70,60,65,70,,Refrigeration plant and equipment commissioning
Ac_65,65,,,,Ventilation and air conditioning activities
Ac_65_60,65,60,,,Ventilation and air conditioning installation testing
Ac_65_60_01,65,60,01,,Air conditioning plant and equipment testing
Ac_65_60_02,65,60,02,,Air supply installations testing
Ac_65_60_63,65,60,63,,Ventilation plant and equipment testing
Ac_65_65,65,65,,,Ventilation and air conditioning systems commissioning
Ac_65_65_02,65,65,02,,Air systems commissioning
Ac_70,70,,,,Electrical activities
Ac_70_60,70,60,,,Electrical installations testing
Ac_70_60_28,70,60,28,,Emergency lighting installations testing
Ac_70_60_37,70,60,37,,High voltage electrical installations testing
Ac_70_60_46,70,60,46,,Lighting installations testing
Ac_70_60_47,70,60,47,,Lightning protection installations testing
Ac_70_60_49,70,60,49,,Low voltage electrical installation testing and inspecting
Ac_70_65,70,65,,,Electrical systems commissioning
Ac_70_65_46,70,65,46,,Lighting systems commissioning
Ac_75,75,,,,"Communications, security, safety and protection activities"
Ac_75_60,75,60,,,"Communications, security, safety and protection installations testing"
Ac_75_60_01,75,60,01,,Access control systems testing
Ac_75_60_04,75,60,04,,Audiovisual systems testing
Ac_75_60_15,75,60,15,,Control systems testing
Ac_75_60_30,75,60,30,,Fire protection installation testing
Ac_75_60_42,75,60,42,,Intruder alarm systems testing
Ac_75_60_47,75,60,47,,Lifts testing
Ac_75_60_80,75,60,80,,Security systems testing
Ac_75_60_85,75,60,85,,Surveillance equipment installations testing
Ac_75_60_92,75,60,92,,Telecommunications systems testing
Ac_75_65,75,65,,,"Communications, security, safety and protection systems commissioning"
Ac_75_65_01,75,65,01,,Access control systems commissioning
Ac_75_65_04,75,65,04,,Audiovisual systems commissioning
Ac_75_65_15,75,65,15,,Control systems commissioning
Ac_75_65_30,75,65,30,,Fire alarm systems commissioning
Ac_75_65_42,75,65,42,,Intruder alarm systems commissioning
Ac_75_65_47,75,65,47,,Lifts commissioning
Ac_75_65_80,75,65,80,,Security systems commissioning
Ac_75_65_85,75,65,85,,Surveillance systems commissioning
Ac_75_65_92,75,65,92,,Telecommunications systems commissioning
Ac_80,80,,,,Transport activities
Ac_80_00,80,00,,,Accommodation works activities
Ac_80_05,80,05,,,Aerospace ground activities
Ac_80_05_02,80,05,02,,Aeroplane landing
Ac_80_05_03,80,05,03,,Aeroplane take-off
Ac_80_05_05,80,05,05,,Aircraft manoeuvring
Ac_80_05_06,80,05,06,,Aircraft manoeuvring buffering
Ac_80_05_07,80,05,07,,Aircraft standing
Ac_80_05_09,80,05,09,,Airport controlling
Ac_80_05_33,80,05,33,,Glider landing
Ac_80_05_34,80,05,34,,Glider take-off
Ac_80_05_36,80,05,36,,Hang gliding landing
Ac_80_05_37,80,05,37,,Hang gliding take-off
Ac_80_05_38,80,05,38,,Helicopter landing
Ac_80_05_39,80,05,39,,Helicopter take-off
Ac_80_05_82,80,05,82,,Spacecraft landing
Ac_80_05_84,80,05,84,,Spacecraft take-off
Ac_80_10,80,10,,,Loading and embarkation activities
Ac_80_10_04,80,10,04,,Aircraft fuelling
Ac_80_10_06,80,10,06,,Baggage claiming
Ac_80_10_07,80,10,07,,Baggage handling
Ac_80_10_08,80,10,08,,Baggage loading
Ac_80_10_12,80,10,12,,Cargo handling
Ac_80_10_13,80,10,13,,Cargo loading
Ac_80_10_20,80,10,20,,Customs controlling
Ac_80_10_60,80,10,60,,Passenger arriving
Ac_80_10_61,80,10,61,,Passenger departing
Ac_80_10_62,80,10,62,,Passenger disembarking
Ac_80_10_63,80,10,63,,Passenger embarking
Ac_80_10_64,80,10,64,,Passenger gathering
Ac_80_10_65,80,10,65,,Passport controlling
Ac_80_10_86,80,10,86,,Ticketing
Ac_80_15,80,15,,,Aerospace maintenance activities
Ac_80_15_01,80,15,01,,Aircraft cleaning
Ac_80_15_02,80,15,02,,Aircraft maintaining
Ac_80_15_04,80,15,04,,Aircraft repairing
Ac_80_15_79,80,15,79,,Spacecraft cleaning
Ac_80_15_80,80,15,80,,Spacecraft maintaining
Ac_80_15_81,80,15,81,,Spacecraft preparing
Ac_80_15_82,80,15,82,,Spacecraft repairing
Ac_80_20,80,20,,,Cableway activities
Ac_80_20_13,80,20,13,,Cableway travelling
Ac_80_30,80,30,,,Cable transport storage and maintenance activities
Ac_80_30_34,80,30,34,,Gondola repair and cleaning
Ac_80_30_35,80,30,35,,Gondola storing
Ac_80_35,80,35,,,Highway activities
Ac_80_35_08,80,35,08,,Bus manoeuvring
Ac_80_35_12,80,35,12,,Car manoeuvring
Ac_80_35_16,80,35,16,,Carriageway separating
Ac_80_35_24,80,35,24,,Driving
Ac_80_35_46,80,35,46,,Laying-by and passing
Ac_80_35_63,80,35,63,,Pedestrian crossing
Ac_80_35_64,80,35,64,,Pedestrian standing
Ac_80_35_70,80,35,70,,Railway crossing
Ac_80_35_73,80,35,73,,Road buffering
Ac_80_35_90,80,35,90,,Truck manoeuvring
Ac_80_35_95,80,35,95,,Vehicle manoeuvring
Ac_80_45,80,45,,,Highway storage and maintenance activities
Ac_80_45_09,80,45,09,,Bus standing
Ac_80_45_40,80,45,40,,Indoor vehicle parking
Ac_80_45_59,80,45,59,,Outdoor vehicle parking
Ac_80_45_91,80,45,91,,Truck standing
Ac_80_45_94,80,45,94,,Vehicle fuelling and charging
Ac_80_45_95,80,45,95,,Vehicle inspecting
Ac_80_45_96,80,45,96,,Vehicle servicing
Ac_80_50,80,50,,,Railway activities
Ac_80_50_50,80,50,50,,Marshalling
Ac_80_50_70,80,50,70,,Rail over passing
Ac_80_50_71,80,50,71,,Rail signal controlling
Ac_80_50_73,80,50,73,,Railway track buffering
Ac_80_50_75,80,50,75,,Railway travel
Ac_80_50_76,80,50,76,,Rail under passing
Ac_80_50_90,80,50,90,,Train stopping
Ac_80_60,80,60,,,Rail storage and maintenance activities
Ac_80_60_11,80,60,11,,Carriage cleaning
Ac_80_60_26,80,60,26,,Engine fuelling
Ac_80_60_27,80,60,27,,Engine inspecting
Ac_80_60_28,80,60,28,,Engine servicing
Ac_80_60_29,80,60,29,,Engine washing
Ac_80_60_70,80,60,70,,Rail repairing
Ac_80_70,80,70,,,Marine way and waterway activities
Ac_80_70_11,80,70,11,,Canal level changing
Ac_80_70_12,80,70,12,,Canal travelling
Ac_80_70_37,80,70,37,,Harbour level changing
Ac_80_94,80,94,,,Bridge function
Ac_80_94_41,80,94,41,,Bridge inspecting
Ac_80_94_60,80,94,60,,Passing over a bridge
Ac_80_94_90,80,94,90,,Passing under a bridge
Ac_85,85,,,,Operation and maintenance activities
Ac_85_10,85,10,,,Barrier and fence maintenance activities
Ac_85_10_06,85,10,06,,Barrier maintenance
Ac_85_10_30,85,10,30,,Fencing maintenance
Ac_85_10_45,85,10,45,,Kerbs and channels maintenance
Ac_85_10_95,85,10,95,,Vehicle restraint systems maintenance
Ac_85_30,85,30,,,Flora maintenance activities
Ac_85_30_01,85,30,01,,Amenity grass maintenance
Ac_85_30_02,85,30,02,,Amenity planting maintenance
Ac_85_30_04,85,30,04,,Aquatic and wetland planting maintenance
Ac_85_30_28,85,30,28,,External container planting maintenance
Ac_85_30_30,85,30,30,,Forestry maintenance
Ac_85_30_37,85,30,37,,Hedgerow maintenance
Ac_85_30_40,85,30,40,,Internal container planting maintenance
Ac_85_30_47,85,30,47,,Living roof maintenance
Ac_85_30_50,85,30,50,,Meadow grass maintenance
Ac_85_30_80,85,30,80,,Sports turf maintenance
Ac_85_30_95,85,30,95,,Vegetation control maintenance
Ac_85_30_97,85,30,97,,Wildflowers meadow maintenance
Ac_85_50,85,50,,,Marine maintenance activities
Ac_85_50_24,85,50,24,,Dredging
Ac_85_60,85,60,,,Paving maintenance activities
Ac_85_60_02,85,60,02,,Asphalt paving maintenance
Ac_85_60_04,85,60,04,,Asphalt sports paving maintenance
Ac_85_60_10,85,60,10,,Bound aggregate paving maintenance
Ac_85_60_50,85,60,50,,Mat and sheet paving maintenance
Ac_85_60_80,85,60,80,,Sport or play paving maintenance
Ac_85_60_82,85,60,82,,Sports or play unbound paving maintenance
Ac_85_60_92,85,60,92,,Unbound paving maintenance
Ac_85_60_93,85,60,93,,Unit paving maintenance
Ac_85_65,85,65,,,Plant and controls operating
Ac_85_65_08,85,65,08,,Boiler operating
Ac_85_65_15,85,65,15,,Controlling
Ac_85_65_26,85,65,26,,Electrical switching
Ac_85_65_27,85,65,27,,Equipment operating
Ac_85_65_32,85,65,32,,Furnace operating
Ac_85_65_42,85,65,42,,Incinerating
Ac_85_65_48,85,65,48,,Lift machine operating
Ac_85_65_50,85,65,50,,Meter checking
Ac_85_65_64,85,65,64,,Plant operating
Ac_85_65_77,85,65,77,,Server operating
Ac_85_65_90,85,65,90,,Transformer operating
Ac_85_70,85,70,,,Retrospective application activities
Ac_85_70_40,85,70,40,,Insulating and waterproofing retrofitted living roofs
Ac_85_70_70,85,70,70,,Retrospective applying of fire retardant treatment
Ac_85_70_75,85,70,75,,Retrospective applying of preservative treatment
Ac_90,90,,,,Circulation and plant activities
Ac_90_10,90,10,,,Circulation activities
Ac_90_10_02,90,10,02,,Air blocking
Ac_90_10_14,90,10,14,,Circulating between rooms
Ac_90_10_16,90,10,16,,Covered walking
Ac_90_10_24,90,10,24,,Dropping-off and collecting
Ac_90_10_27,90,10,27,,Entering and exiting
Ac_90_10_34,90,10,34,,Goods conveying
Ac_90_10_49,90,10,49,,Lift stopping and calling
Ac_90_10_50,90,10,50,,Lift travelling
Ac_90_10_77,90,10,77,,Sheltering
Ac_90_10_78,90,10,78,,Shoppers moving and circulation
Ac_90_10_93,90,10,93,,Uncovered walking
Ac_90_10_96,90,10,96,,Wheelchair travelling
Ac_90_20,90,20,,,Common activities
Ac_90_20_09,90,20,09,,Briefing
Ac_90_20_13,90,20,13,,Changing
Ac_90_20_42,90,20,42,,Interviewing
Ac_90_20_69,90,20,69,,Queuing
Ac_90_20_72,90,20,72,,Resting
Ac_90_20_82,90,20,82,,Spectator seating
Ac_90_20_83,90,20,83,,Spectator standing
Ac_90_20_96,90,20,96,,Waiting
Ac_90_50,90,50,,,Storing activities
Ac_90_50_02,90,50,02,,Aircraft storing
Ac_90_50_04,90,50,04,,Arms storing
Ac_90_50_06,90,50,06,,Baggage storing
Ac_90_50_07,90,50,07,,Beer storing
Ac_90_50_09,90,50,09,,Blood storing
Ac_90_50_10,90,50,10,,Boat storing
Ac_90_50_11,90,50,11,,Cargo storing
Ac_90_50_13,90,50,13,,Chemicals storing
Ac_90_50_14,90,50,14,,Clothes storing
Ac_90_50_15,90,50,15,,Cold storing
Ac_90_50_24,90,50,24,,Dry waste storing
Ac_90_50_25,90,50,25,,Evidence storing
Ac_90_50_26,90,50,26,,Explosives storing
Ac_90_50_28,90,50,28,,Feed storing
Ac_90_50_29,90,50,29,,Flammable chemicals storing
Ac_90_50_30,90,50,30,,Food storing
Ac_90_50_32,90,50,32,,Fuel storing
Ac_90_50_34,90,50,34,,Gas storing
Ac_90_50_35,90,50,35,,General storing
Ac_90_50_36,90,50,36,,Glider storing
Ac_90_50_37,90,50,37,,Goods storing
Ac_90_50_39,90,50,39,,Grain storing
Ac_90_50_41,90,50,41,,Hang glider storing
Ac_90_50_42,90,50,42,,Hazardous waste storing
Ac_90_50_44,90,50,44,,Helicoptor storing
Ac_90_50_47,90,50,47,,Left luggage storing
Ac_90_50_52,90,50,52,,Medical records storing
Ac_90_50_53,90,50,53,,Mineral storing
Ac_90_50_58,90,50,58,,Oil storing
Ac_90_50_59,90,50,59,,Outdoor storing
Ac_90_50_65,90,50,65,,Pharmacy storing
Ac_90_50_70,90,50,70,,Raw materials storing
Ac_90_50_75,90,50,75,,Scientific equipment storing
Ac_90_50_77,90,50,77,,Secure storing
Ac_90_50_80,90,50,80,,Solid fuel storing
Ac_90_50_84,90,50,84,,Storage of human remains
Ac_90_50_91,90,50,91,,Vehicle storing
Ac_90_50_92,90,50,92,,Walk-in clothes storing
Ac_90_50_93,90,50,93,,Waste gas storing
Ac_90_50_94,90,50,94,,Waste liquids storing
Ac_90_50_95,90,50,95,,Waste solids storing
Ac_90_50_96,90,50,96,,Water storing
Ac_90_50_97,90,50,97,,Wet waste storing
Ac_90_50_98,90,50,98,,Wine storing
